capas,neuronas,iteraciones,eta,error_train,desv_train,error_test,desv_test
1,6,5000,0,0,1,0.264893,0.129033,0.265124,0.128485
1,6,5000,0.1,0,1,0.000436829,5.14837e-05,0.000518524,4.48242e-05
1,6,5000,0.2,0,1,0.000384788,4.46319e-05,0.000479375,7.2814e-05
1,6,5000,0.3,0,1,0.00035288,2.07695e-05,0.000436326,3.75089e-05
1,6,5000,0.4,0,1,0.000334984,1.54172e-05,0.000413484,2.75948e-05
1,6,5000,0.5,0,1,0.000339586,1.92223e-05,0.000413553,2.60065e-05
1,6,5000,0.6,0,1,0.00034404,3.51052e-05,0.000413976,4.71321e-05
1,6,5000,0.7,0,1,0.000351005,1.88821e-05,0.000427262,3.32632e-05
1,6,5000,0.8,0,1,0.000354903,1.93974e-05,0.000435124,2.80653e-05
1,6,5000,0,0.05,1,0.273726,0.128278,0.265124,0.128485
1,6,5000,0.1,0.05,1,0.0112456,0.00112451,0.0160385,0.000903306
1,6,5000,0.2,0.05,1,0.0112283,0.00108004,0.0161803,0.000745211
1,6,5000,0.3,0.05,1,0.0112107,0.000979801,0.0164047,0.000790609
1,6,5000,0.4,0.05,1,0.0113309,0.000981912,0.0165657,0.000966003
1,6,5000,0.5,0.05,1,0.0112242,0.000944626,0.0165671,0.00104983
1,6,5000,0.6,0.05,1,0.0109844,0.00137642,0.0170927,0.00242258
1,6,5000,0.7,0.05,1,0.0109992,0.00141405,0.0182439,0.00455235
1,6,5000,0.8,0.05,1,0.0113487,0.00102843,0.0164922,0.00104713
1,6,5000,0,0.1,1,0.279287,0.128369,0.265124,0.128485
1,6,5000,0.1,0.1,1,0.0104757,0.00111252,0.0161395,0.000471153
1,6,5000,0.2,0.1,1,0.0104202,0.00109819,0.0162162,0.000512193
1,6,5000,0.3,0.1,1,0.0102468,0.000971339,0.0164382,0.000637768
1,6,5000,0.4,0.1,1,0.0102236,0.000924524,0.0166535,0.000749136
1,6,5000,0.5,0.1,1,0.0102656,0.00105073,0.0167285,0.000871482
1,6,5000,0.6,0.1,1,0.0101008,0.00141543,0.0173443,0.00206589
1,6,5000,0.7,0.1,1,0.0103283,0.00114946,0.0168897,0.000917161
1,6,5000,0.8,0.1,1,0.0102278,0.00100422,0.0168334,0.000682381
1,6,5000,0,0.15,1,0.285138,0.127967,0.265124,0.128485
1,6,5000,0.1,0.15,1,0.00904653,0.00190934,0.0174947,0.00107333
1,6,5000,0.2,0.15,1,0.00900257,0.00196957,0.0175509,0.00107903
1,6,5000,0.3,0.15,1,0.00902124,0.00194396,0.0175479,0.00108779
1,6,5000,0.4,0.15,1,0.00905537,0.00195858,0.0174038,0.00113186
1,6,5000,0.5,0.15,1,0.00901173,0.00190442,0.0174138,0.00116276
1,6,5000,0.6,0.15,1,0.00896326,0.00189101,0.0174499,0.00117134
1,6,5000,0.7,0.15,1,0.00902791,0.00208699,0.0174509,0.00120776
1,6,5000,0.8,0.15,1,0.00902564,0.00213783,0.0174954,0.00120857
1,7,5000,0,0,1,0.245284,0.264433,0.245928,0.264095
1,7,5000,0.1,0,1,0.000396494,4.58884e-05,0.000489151,4.35643e-05
1,7,5000,0.2,0,1,0.000335463,2.93411e-05,0.000433627,3.74882e-05
1,7,5000,0.3,0,1,0.000303668,1.48328e-05,0.000397809,1.35621e-05
1,7,5000,0.4,0,1,0.000291882,9.96015e-06,0.000388526,1.2681e-05
1,7,5000,0.5,0,1,0.000288309,2.28762e-05,0.000386588,2.64698e-05
1,7,5000,0.6,0,1,0.000283202,2.74223e-06,0.000364185,2.11454e-05
1,7,5000,0.7,0,1,0.000283327,8.46055e-06,0.000358644,2.05493e-05
1,7,5000,0.8,0,1,0.000286423,1.45818e-05,0.00035287,2.78826e-05
1,7,5000,0,0.05,1,0.249314,0.267138,0.245928,0.264095
1,7,5000,0.1,0.05,1,0.0110951,0.001202,0.015849,0.00116354
1,7,5000,0.2,0.05,1,0.0111076,0.00127844,0.0159768,0.00125911
1,7,5000,0.3,0.05,1,0.0111028,0.00126608,0.0160916,0.00125888
1,7,5000,0.4,0.05,1,0.011106,0.0012905,0.0160329,0.00127731
1,7,5000,0.5,0.05,1,0.0110494,0.00136655,0.0158441,0.00138058
1,7,5000,0.6,0.05,1,0.0108099,0.00131469,0.0162327,0.00133769
1,7,5000,0.7,0.05,1,0.010949,0.00130014,0.0162398,0.00119347
1,7,5000,0.8,0.05,1,0.0107934,0.00115146,0.0168826,0.00167387
1,7,5000,0,0.1,1,0.254436,0.269971,0.245928,0.264095
1,7,5000,0.1,0.1,1,0.0103718,0.000950322,0.0163665,0.000688535
1,7,5000,0.2,0.1,1,0.0103907,0.000899445,0.0163567,0.000628796
1,7,5000,0.3,0.1,1,0.0103665,0.000903211,0.0164096,0.000642633
1,7,5000,0.4,0.1,1,0.0103557,0.000902315,0.0164855,0.000668846
1,7,5000,0.5,0.1,1,0.0103711,0.000923513,0.0164377,0.000610461
1,7,5000,0.6,0.1,1,0.0104106,0.000887779,0.0164243,0.000585549
1,7,5000,0.7,0.1,1,0.0102694,0.00100091,0.0166585,0.0008777
1,7,5000,0.8,0.1,1,0.0102986,0.00102969,0.0167369,0.000942729
1,7,5000,0,0.15,1,0.25831,0.272148,0.245928,0.264095
1,7,5000,0.1,0.15,1,0.00913633,0.00130908,0.0167361,0.000742905
1,7,5000,0.2,0.15,1,0.00906397,0.00129811,0.0169351,0.000797108
1,7,5000,0.3,0.15,1,0.00905713,0.0013851,0.0171286,0.000884413
1,7,5000,0.4,0.15,1,0.00904523,0.00132913,0.0171998,0.000797398
1,7,5000,0.5,0.15,1,0.00907313,0.00129672,0.0171521,0.000791652
1,7,5000,0.6,0.15,1,0.00908984,0.00130985,0.0171515,0.000870091
1,7,5000,0.7,0.15,1,0.00907688,0.00130157,0.0170747,0.00109488
1,7,5000,0.8,0.15,1,0.00890458,0.00117167,0.0174566,0.000796169
1,8,5000,0,0,1,0.378098,0.125525,0.377932,0.125422
1,8,5000,0.1,0,1,0.000377566,4.81122e-05,0.000471763,4.40399e-05
1,8,5000,0.2,0,1,0.00029848,7.23531e-06,0.000404705,1.0678e-05
1,8,5000,0.3,0,1,0.000283856,6.91045e-06,0.000385865,2.817e-05
1,8,5000,0.4,0,1,0.000276844,2.79398e-05,0.000374243,2.98373e-05
1,8,5000,0.5,0,1,0.000271396,2.26081e-05,0.000372355,3.8269e-05
1,8,5000,0.6,0,1,0.000268558,1.91545e-05,0.000367636,3.86211e-05
1,8,5000,0.7,0,1,0.000258249,1.89345e-05,0.000346706,4.84428e-05
1,8,5000,0.1,0.05,1,0.0113709,0.0012561,0.016078,0.000632247
1,8,5000,0.2,0.05,1,0.0113362,0.0012814,0.0162534,0.000740174
1,8,5000,0.3,0.05,1,0.0112785,0.0012776,0.0163646,0.000813486
1,8,5000,0.4,0.05,1,0.0109661,0.00166789,0.0170671,0.0021394
1,8,5000,0.5,0.05,1,0.0112502,0.00130747,0.0164108,0.000809718
1,8,5000,0.6,0.05,1,0.0112937,0.00121517,0.0163902,0.000654281
1,8,5000,0.7,0.05,1,0.0112692,0.00113815,0.0164703,0.000569289
1,8,5000,0.8,0.05,1,0.0112477,0.0013119,0.0166164,0.000660436
1,8,5000,0,0.1,1,0.398161,0.134738,0.377932,0.125422
1,8,5000,0.1,0.1,1,0.0102813,0.000945134,0.0166146,0.00110778
1,8,5000,0.2,0.1,1,0.0103226,0.00106454,0.0166226,0.000988934
1,8,5000,0.3,0.1,1,0.0103902,0.00111218,0.0167399,0.000858539
1,8,5000,0.4,0.1,1,0.0104047,0.0009985,0.0166696,0.000889397
1,8,5000,0.5,0.1,1,0.0103563,0.000959587,0.0167251,0.000907025
1,8,5000,0.6,0.1,1,0.0104042,0.000961781,0.0166043,0.000824262
1,8,5000,0.7,0.1,1,0.0101438,0.00121426,0.0170733,0.00107849
1,8,5000,0.8,0.1,1,0.0101564,0.00108607,0.0169703,0.00102456
1,8,5000,0,0.15,1,0.406195,0.137869,0.377932,0.125422
1,8,5000,0.1,0.15,1,0.00941587,0.00165007,0.0164169,0.0006596
1,8,5000,0.2,0.15,1,0.00939593,0.00169689,0.0164072,0.000698998
1,8,5000,0.3,0.15,1,0.00937045,0.00176092,0.0163809,0.000615069
1,8,5000,0.4,0.15,1,0.00925905,0.00171708,0.0165126,0.000599331
1,8,5000,0.5,0.15,1,0.00924261,0.0018353,0.0165972,0.000648997
1,8,5000,0.6,0.15,1,0.00920927,0.0019416,0.0166051,0.000590978
1,8,5000,0.7,0.15,1,0.00935855,0.00196014,0.0163305,0.000736096
1,8,5000,0.8,0.15,1,0.00926301,0.0017753,0.0166275,0.000795103
1,9,5000,0,0,1,0.330281,0.355622,0.330523,0.354867
1,9,5000,0.1,0,1,0.00038645,3.76553e-05,0.000494386,5.5122e-05
1,9,5000,0.2,0,1,0.000295909,2.34172e-05,0.000382757,2.63169e-05
1,9,5000,0.3,0,1,0.000268157,9.43785e-06,0.000350101,1.94658e-05
1,9,5000,0.4,0,1,0.000256159,1.34557e-05,0.000340471,2.26588e-05
1,9,5000,0.5,0,1,0.000265645,1.76418e-05,0.000364745,2.7252e-05
1,9,5000,0.6,0,1,0.000264747,2.54255e-05,0.000351917,3.55078e-05
1,9,5000,0.7,0,1,0.000258264,1.73598e-05,0.000352131,2.59016e-05
1,9,5000,0.8,0,1,0.000253165,2.40966e-05,0.00033687,3.63704e-05
1,9,5000,0,0.05,1,0.337439,0.36509,0.330523,0.354867
1,9,5000,0.1,0.05,1,0.0112906,0.001026,0.0167445,0.00133909
1,9,5000,0.2,0.05,1,0.0112576,0.000988222,0.0168196,0.0013223
1,9,5000,0.3,0.05,1,0.0111955,0.000775722,0.0168648,0.00105704
1,9,5000,0.4,0.05,1,0.0111826,0.00072697,0.0168834,0.00110584
1,9,5000,0.5,0.05,1,0.0110209,0.000710146,0.017583,0.0018249
1,9,5000,0.6,0.05,1,0.0111439,0.00071847,0.0171097,0.00146288
1,9,5000,0.7,0.05,1,0.011218,0.000738564,0.0170999,0.00148155
1,9,5000,0.8,0.05,1,0.0110625,0.000723937,0.0170287,0.00117633
1,9,5000,0,0.1,1,0.343867,0.372856,0.330523,0.354867
1,9,5000,0.1,0.1,1,0.00985006,0.00156001,0.0160298,0.000534059
1,9,5000,0.2,0.1,1,0.0098269,0.001535,0.0160751,0.000527314
1,9,5000,0.3,0.1,1,0.00983839,0.00159614,0.0160696,0.00058794
1,9,5000,0.4,0.1,1,0.0098426,0.00161463,0.0160981,0.000619207
1,9,5000,0.5,0.1,1,0.00980993,0.00163684,0.0162486,0.000607218
1,9,5000,0.6,0.1,1,0.00982289,0.00164241,0.0161129,0.000661329
1,9,5000,0.7,0.1,1,0.0097733,0.00162806,0.0161582,0.000668433
1,9,5000,0.8,0.1,1,0.00977558,0.00163194,0.0161093,0.000716688
1,9,5000,0,0.15,1,0.350209,0.378815,0.330523,0.354867
1,9,5000,0.1,0.15,1,0.00882643,0.00174077,0.0166912,0.0007566
1,9,5000,0.2,0.15,1,0.00864545,0.00186669,0.0170144,0.000838878
1,9,5000,0.3,0.15,1,0.00856893,0.00178013,0.0171994,0.000674718
1,9,5000,0.4,0.15,1,0.00852172,0.00180565,0.0172377,0.000804605
1,9,5000,0.5,0.15,1,0.00846375,0.00191673,0.0174709,0.000925222
1,9,5000,0.6,0.15,1,0.00834369,0.00211464,0.017914,0.00133027
1,9,5000,0.7,0.15,1,0.00827362,0.00201493,0.018117,0.00117255
1,9,5000,0.8,0.15,1,0.0083163,0.00208516,0.0177988,0.00142336
1,10,5000,0,0,1,0.410823,0.253902,0.411174,0.25335
1,10,5000,0.1,0,1,0.00037053,5.61181e-05,0.000467408,5.86189e-05
1,10,5000,0.2,0,1,0.00028895,5.4871e-05,0.000378073,4.60285e-05
1,10,5000,0.3,0,1,0.000261629,3.69133e-05,0.000352004,3.40089e-05
1,10,5000,0.4,0,1,0.000249313,3.37847e-05,0.000335328,3.91839e-05
1,10,5000,0.5,0,1,0.000235511,1.617e-05,0.000325633,3.81665e-05
1,10,5000,0.6,0,1,0.000226882,9.92581e-06,0.000310842,2.22675e-05
1,10,5000,0.7,0,1,0.000235414,1.88058e-05,0.000343858,2.75341e-05
1,10,5000,0.8,0,1,0.000228999,1.88177e-05,0.000339808,4.80734e-05
1,10,5000,0,0.05,1,0.423548,0.264522,0.411174,0.25335
1,10,5000,0.1,0.05,1,0.0108184,0.000929419,0.0165243,0.00062444
1,10,5000,0.2,0.05,1,0.0108505,0.000998772,0.0165312,0.00114288
1,10,5000,0.3,0.05,1,0.0112016,0.000950799,0.0159981,0.000742866
1,10,5000,0.4,0.05,1,0.0111811,0.000945206,0.01609,0.000721286
1,10,5000,0.5,0.05,1,0.0108909,0.000868899,0.0164803,0.000666911
1,10,5000,0.6,0.05,1,0.0108166,0.00121202,0.0167572,0.00123911
1,10,5000,0.7,0.05,1,0.0108619,0.000830686,0.0169459,0.000991092
1,10,5000,0.8,0.05,1,0.0109331,0.00080881,0.0167634,0.00108989
1,10,5000,0,0.1,1,0.43306,0.271812,0.411174,0.25335
1,10,5000,0.1,0.1,1,0.00912537,0.00170859,0.0174197,0.00194686
1,10,5000,0.2,0.1,1,0.00918488,0.00162636,0.0172736,0.00174654
1,10,5000,0.3,0.1,1,0.0091949,0.00157641,0.0173296,0.00165713
1,10,5000,0.4,0.1,1,0.00908265,0.00166168,0.0174988,0.00176559
1,10,5000,0.5,0.1,1,0.00917741,0.00164079,0.0174415,0.00168243
1,10,5000,0.6,0.1,1,0.00923993,0.00161278,0.0172291,0.00151454
1,10,5000,0.7,0.1,1,0.00921911,0.00162181,0.0173041,0.00149039
1,10,5000,0.8,0.1,1,0.00925869,0.00154069,0.0174289,0.00155911
1,10,5000,0,0.15,1,0.440819,0.277572,0.411174,0.25335
1,10,5000,0.1,0.15,1,0.00838583,0.00204771,0.0164999,0.00143539
1,10,5000,0.2,0.15,1,0.00836532,0.00205579,0.0165989,0.00143212
1,10,5000,0.3,0.15,1,0.00836845,0.00205928,0.0167031,0.00147841
1,10,5000,0.4,0.15,1,0.00841872,0.00206249,0.0167867,0.00152787
1,10,5000,0.5,0.15,1,0.00840761,0.00205678,0.0167691,0.00154291
1,10,5000,0.6,0.15,1,0.00837785,0.00204828,0.0168541,0.00154767
1,10,5000,0.7,0.15,1,0.00835704,0.00202907,0.016949,0.00154719
1,10,5000,0.8,0.15,1,0.00838703,0.00206316,0.0170081,0.00158773
1,11,5000,0.1,0,1,0.000368211,3.41228e-05,0.000475893,2.39979e-05
1,11,5000,0.2,0,1,0.000286354,3.65305e-05,0.000393413,3.21641e-05
1,11,5000,0.3,0,1,0.000250155,1.17705e-05,0.000352504,3.09611e-05
1,11,5000,0.4,0,1,0.000238504,1.46709e-05,0.000347115,2.24251e-05
1,11,5000,0.5,0,1,0.00022955,2.16672e-05,0.000335213,5.26451e-05
1,11,5000,0.6,0,1,0.000217807,2.20198e-05,0.000317567,4.59809e-05
1,11,5000,0.7,0,1,0.000207672,2.13661e-05,0.000298049,4.63253e-05
1,11,5000,0.8,0,1,0.000212032,2.17064e-05,0.000316655,3.64778e-05
1,11,5000,0,0.05,1,0.236125,0.309921,0.230072,0.299587
1,11,5000,0.1,0.05,1,0.0110419,0.00134281,0.0163821,0.0010879
1,11,5000,0.2,0.05,1,0.0110426,0.00133944,0.0164698,0.0011168
1,11,5000,0.3,0.05,1,0.0110238,0.00139061,0.0165613,0.00132715
1,11,5000,0.4,0.05,1,0.0109859,0.00137887,0.0166792,0.00119883
1,11,5000,0.5,0.05,1,0.0110087,0.00130437,0.0167027,0.00106859
1,11,5000,0.6,0.05,1,0.0110419,0.00120543,0.0165941,0.00108026
1,11,5000,0.7,0.05,1,0.0110637,0.00113883,0.0162272,0.00112067
1,11,5000,0.8,0.05,1,0.0110191,0.00118566,0.0163196,0.00111233
1,11,5000,0,0.1,1,0.240456,0.316229,0.230072,0.299587
1,11,5000,0.1,0.1,1,0.00960148,0.00149249,0.0177689,0.00155193
1,11,5000,0.2,0.1,1,0.0096331,0.00149081,0.0175755,0.00136459
1,11,5000,0.3,0.1,1,0.00954195,0.0017247,0.0176511,0.00170554
1,11,5000,0.4,0.1,1,0.00957031,0.00168237,0.0176425,0.00155969
1,11,5000,0.5,0.1,1,0.00961359,0.00167683,0.0177225,0.00165693
1,11,5000,0.6,0.1,1,0.00969356,0.00157771,0.017734,0.00136368
1,11,5000,0.7,0.1,1,0.00966369,0.00143697,0.0182837,0.00177775
1,11,5000,0.8,0.1,1,0.00975971,0.00135084,0.017847,0.00152926
1,11,5000,0,0.15,1,0.245906,0.322819,0.230072,0.299587
1,11,5000,0.1,0.15,1,0.00854786,0.00190408,0.0171699,0.00102669
1,11,5000,0.2,0.15,1,0.00859467,0.00189181,0.0171518,0.000981634
1,11,5000,0.3,0.15,1,0.00860377,0.00178956,0.0173761,0.000697507
1,11,5000,0.4,0.15,1,0.00863999,0.00180105,0.017424,0.000764301
1,11,5000,0.5,0.15,1,0.00859032,0.00179898,0.0174774,0.000896059
1,11,5000,0.6,0.15,1,0.00868189,0.00203537,0.0175138,0.00120819
1,11,5000,0.7,0.15,1,0.00853223,0.00212338,0.017704,0.00125923
1,11,5000,0.8,0.15,1,0.00866892,0.00204307,0.0176769,0.00150054
1,12,5000,0,0,1,0.274983,0.168713,0.274892,0.168208
1,12,5000,0.1,0,1,0.000350209,3.73515e-05,0.000463485,2.68381e-05
1,12,5000,0.2,0,1,0.00027081,2.63989e-05,0.000386936,4.04612e-05
1,12,5000,0.3,0,1,0.000242804,2.72664e-05,0.000357152,4.78599e-05
1,12,5000,0.4,0,1,0.000229202,3.25678e-05,0.000344409,5.16799e-05
1,12,5000,0.5,0,1,0.00022351,2.71087e-05,0.000335848,5.85093e-05
1,12,5000,0.6,0,1,0.000207257,2.44242e-05,0.000300276,4.75158e-05
1,12,5000,0.7,0,1,0.000203826,4.04038e-05,0.000297494,6.03616e-05
1,12,5000,0.8,0,1,0.00021551,3.76434e-05,0.000306779,4.27865e-05
1,12,5000,0,0.05,1,0.282613,0.172854,0.274892,0.168208
1,12,5000,0.1,0.05,1,0.0107995,0.00122631,0.0166897,0.00134916
1,12,5000,0.2,0.05,1,0.010985,0.00082103,0.0164441,0.000845731
1,12,5000,0.3,0.05,1,0.011071,0.000682181,0.0166546,0.000814094
1,12,5000,0.4,0.05,1,0.0111125,0.000881869,0.0166258,0.00102453
1,12,5000,0.5,0.05,1,0.0111987,0.00095428,0.0166641,0.00118423
1,12,5000,0.6,0.05,1,0.0110882,0.000895343,0.0169468,0.00129359
1,12,5000,0.7,0.05,1,0.0109755,0.000977528,0.0170774,0.00128227
1,12,5000,0.8,0.05,1,0.0107065,0.00120646,0.0175512,0.00158299
1,12,5000,0,0.1,1,0.288636,0.175293,0.274892,0.168208
1,12,5000,0.1,0.1,1,0.0101157,0.000870441,0.0165355,0.000673506
1,12,5000,0.2,0.1,1,0.0101128,0.000874701,0.0166172,0.000636066
1,12,5000,0.3,0.1,1,0.0100855,0.000876249,0.0167272,0.000685316
1,12,5000,0.4,0.1,1,0.0100377,0.000869666,0.0168654,0.000876364
1,12,5000,0.5,0.1,1,0.00996358,0.000868506,0.0170717,0.00111945
1,12,5000,0.6,0.1,1,0.00998221,0.000837349,0.0170945,0.000885627
1,12,5000,0.7,0.1,1,0.00999261,0.000797309,0.0172701,0.000899824
1,12,5000,0.8,0.1,1,0.0100019,0.000783949,0.0173171,0.000914409
1,12,5000,0,0.15,1,0.29395,0.17825,0.274892,0.168208
1,12,5000,0.1,0.15,1,0.00903489,0.00115599,0.0167435,0.00101322
1,12,5000,0.2,0.15,1,0.00899365,0.00101346,0.0167007,0.000690665
1,12,5000,0.3,0.15,1,0.00909592,0.0011301,0.0167883,0.000759973
1,12,5000,0.4,0.15,1,0.0090833,0.001091,0.0168611,0.000757757
1,12,5000,0.5,0.15,1,0.00923501,0.00109885,0.0167182,0.000530887
1,12,5000,0.6,0.15,1,0.00921995,0.00111046,0.0167426,0.000587701
1,12,5000,0.7,0.15,1,0.00916584,0.0010786,0.0168451,0.000537311
1,12,5000,0.8,0.15,1,0.0091296,0.00106176,0.0169386,0.000567911
1,13,5000,0,0,1,0.29994,0.300534,0.300337,0.300059
1,13,5000,0.1,0,1,0.000363936,2.24502e-05,0.00045383,2.59395e-05
1,13,5000,0.2,0,1,0.00025842,3.22614e-05,0.000346966,2.46673e-05
1,13,5000,0.3,0,1,0.000220325,2.68395e-05,0.000298555,3.42031e-05
1,13,5000,0.4,0,1,0.00021234,2.86749e-05,0.000291975,4.01504e-05
1,13,5000,0.5,0,1,0.00021497,4.99729e-05,0.000297132,7.05084e-05
1,13,5000,0.6,0,1,0.000211784,5.25619e-05,0.000293093,8.05619e-05
1,13,5000,0.7,0,1,0.000200947,5.19819e-05,0.000274776,7.58109e-05
1,13,5000,0.8,0,1,0.000193567,5.00296e-05,0.000256605,6.35368e-05
1,13,5000,0,0.05,1,0.305115,0.301857,0.300337,0.300059
1,13,5000,0.1,0.05,1,0.0112152,0.00107302,0.0161479,0.000779148
1,13,5000,0.2,0.05,1,0.0112028,0.000982628,0.0161487,0.000603664
1,13,5000,0.3,0.05,1,0.0112287,0.000904668,0.0161412,0.000590393
1,13,5000,0.4,0.05,1,0.0112231,0.000888305,0.0162499,0.000565841
1,13,5000,0.5,0.05,1,0.0111626,0.000867868,0.0162826,0.000603697
1,13,5000,0.6,0.05,1,0.0111662,0.000761199,0.0162573,0.000643824
1,13,5000,0.7,0.05,1,0.0112784,0.000747736,0.0162287,0.000636513
1,13,5000,0.8,0.05,1,0.0112923,0.000672105,0.0163147,0.000688073
1,13,5000,0,0.1,1,0.31024,0.303699,0.300337,0.300059
1,13,5000,0.1,0.1,1,0.00977954,0.00143996,0.0163661,0.000473738
1,13,5000,0.2,0.1,1,0.00975361,0.0014473,0.0164197,0.000436423
1,13,5000,0.3,0.1,1,0.00974484,0.0014402,0.0165741,0.000495152
1,13,5000,0.4,0.1,1,0.00976463,0.00140849,0.0166509,0.000659445
1,13,5000,0.5,0.1,1,0.00970985,0.00146088,0.0166142,0.000696358
1,13,5000,0.6,0.1,1,0.00972735,0.00147271,0.0168317,0.000904117
1,13,5000,0.7,0.1,1,0.00958765,0.0015871,0.0170946,0.0014222
1,13,5000,0.8,0.1,1,0.00957259,0.00160411,0.0173589,0.00197232
1,13,5000,0,0.15,1,0.315308,0.304784,0.300337,0.300059
1,13,5000,0.1,0.15,1,0.00813699,0.00240648,0.0168077,0.00120905
1,13,5000,0.2,0.15,1,0.00805744,0.00251159,0.0172669,0.00168523
1,13,5000,0.3,0.15,1,0.00802295,0.00245136,0.0173571,0.00173625
1,13,5000,0.4,0.15,1,0.00793912,0.00244114,0.0175598,0.00187814
1,13,5000,0.5,0.15,1,0.00798916,0.00241695,0.0175185,0.00170008
1,13,5000,0.6,0.15,1,0.00808435,0.00235954,0.0175823,0.00175933
1,13,5000,0.7,0.15,1,0.00806049,0.0022165,0.0176379,0.0017053
1,13,5000,0.8,0.15,1,0.0080486,0.00219784,0.0176741,0.00159685
1,14,5000,0,0,1,0.110739,0.0817414,0.111455,0.081434
1,14,5000,0.1,0,1,0.000326357,3.491e-05,0.000439618,4.16173e-05
1,14,5000,0.2,0,1,0.000237137,4.34338e-05,0.000333935,5.98059e-05
1,14,5000,0.3,0,1,0.000209348,2.06461e-05,0.000304242,3.25901e-05
1,14,5000,0.4,0,1,0.000189802,1.67499e-05,0.000265909,2.36902e-05
1,14,5000,0.5,0,1,0.00018313,1.64997e-05,0.00025417,3.47197e-05
1,14,5000,0.6,0,1,0.000170991,8.01944e-06,0.000239995,1.56968e-05
1,14,5000,0.7,0,1,0.000168963,7.11496e-06,0.000248595,1.64294e-05
1,14,5000,0.8,0,1,0.000173718,2.18743e-05,0.000249168,3.60428e-05
1,14,5000,0,0.05,1,0.114659,0.0871198,0.111455,0.081434
1,14,5000,0.1,0.05,1,0.0113154,0.00102282,0.0154786,0.000566438
1,14,5000,0.2,0.05,1,0.0113973,0.00103518,0.0154928,0.000723329
1,14,5000,0.3,0.05,1,0.0113999,0.00104657,0.0154321,0.00080171
1,14,5000,0.4,0.05,1,0.0114232,0.00103354,0.0153967,0.000767659
1,14,5000,0.5,0.05,1,0.0114123,0.00105481,0.0153211,0.000763458
1,14,5000,0.6,0.05,1,0.0113833,0.00110051,0.0153247,0.00075028
1,14,5000,0.7,0.05,1,0.0113454,0.00111288,0.0154939,0.000741277
1,14,5000,0.8,0.05,1,0.0112108,0.00131677,0.0157844,0.00126043
1,14,5000,0,0.1,1,0.117686,0.0894759,0.111455,0.081434
1,14,5000,0.1,0.1,1,0.00946151,0.00182065,0.0178493,0.0019628
1,14,5000,0.2,0.1,1,0.00926416,0.00215252,0.0183707,0.00262051
1,14,5000,0.3,0.1,1,0.00920982,0.00223064,0.0187634,0.00329042
1,14,5000,0.4,0.1,1,0.00972236,0.00146487,0.0176922,0.0012935
1,14,5000,0.5,0.1,1,0.00973941,0.00146771,0.0176568,0.00121912
1,14,5000,0.6,0.1,1,0.00968376,0.00165099,0.0180264,0.00161713
1,14,5000,0.7,0.1,1,0.00961958,0.00181367,0.0182318,0.00184899
1,14,5000,0.8,0.1,1,0.00963361,0.00163568,0.0180989,0.00156949
1,14,5000,0,0.15,1,0.120602,0.0928461,0.111455,0.081434
1,14,5000,0.1,0.15,1,0.00856166,0.0020798,0.0162632,0.000504118
1,14,5000,0.2,0.15,1,0.00861434,0.00219628,0.0163036,0.000435796
1,14,5000,0.3,0.15,1,0.00861509,0.0022513,0.016382,0.000455819
1,14,5000,0.4,0.15,1,0.00860377,0.00225373,0.0164495,0.000487073
1,14,5000,0.5,0.15,1,0.00859546,0.00222661,0.0164792,0.000542187
1,14,5000,0.6,0.15,1,0.0085991,0.00222229,0.0165057,0.000617196
1,14,5000,0.7,0.15,1,0.00859995,0.00222317,0.0165668,0.00068013
1,14,5000,0.8,0.15,1,0.00859581,0.00221812,0.0166407,0.00073421
1,15,5000,0,0,1,0.0868266,0.0672303,0.0878947,0.0674048
1,15,5000,0.1,0,1,0.00033595,2.18077e-05,0.000450406,3.52283e-05
1,15,5000,0.2,0,1,0.000244579,2.68928e-05,0.000359548,4.48493e-05
1,15,5000,0.3,0,1,0.000220538,2.76519e-05,0.000322597,3.99774e-05
1,15,5000,0.4,0,1,0.000204139,2.67376e-05,0.000297177,3.75678e-05
1,15,5000,0.5,0,1,0.00020395,2.49741e-05,0.000309627,4.55675e-05
1,15,5000,0.6,0,1,0.000187569,1.91406e-05,0.000284674,3.41076e-05
1,15,5000,0.7,0,1,0.000189979,1.49844e-05,0.000299246,2.79468e-05
1,15,5000,0.8,0,1,0.000191527,1.6468e-05,0.000291667,2.56623e-05
1,15,5000,0,0.05,1,0.0918637,0.072239,0.0878947,0.0674048
1,15,5000,0.1,0.05,1,0.010907,0.000817826,0.0166279,0.000656445
1,15,5000,0.2,0.05,1,0.0108066,0.000801967,0.0167868,0.000943256
1,15,5000,0.3,0.05,1,0.0107051,0.0010006,0.0168996,0.00148873
1,15,5000,0.4,0.05,1,0.0105544,0.000778891,0.0170829,0.00107664
1,15,5000,0.5,0.05,1,0.0106541,0.000700995,0.0171329,0.00111533
1,15,5000,0.6,0.05,1,0.0106253,0.000825191,0.0168751,0.0010287
1,15,5000,0.7,0.05,1,0.0105574,0.000853743,0.0174114,0.00117418
1,15,5000,0.8,0.05,1,0.0107222,0.00106047,0.0168165,0.00105681
1,15,5000,0,0.1,1,0.0948069,0.0751918,0.0878947,0.0674048
1,15,5000,0.1,0.1,1,0.00951,0.00143358,0.0165991,0.0006673
1,15,5000,0.2,0.1,1,0.00946033,0.00147687,0.0167653,0.000760825
1,15,5000,0.3,0.1,1,0.00941622,0.00149462,0.0168568,0.000856219
1,15,5000,0.4,0.1,1,0.00938453,0.0015266,0.0169051,0.000952032
1,15,5000,0.5,0.1,1,0.0093626,0.00159536,0.0170513,0.00108655
1,15,5000,0.6,0.1,1,0.00927597,0.00164518,0.017241,0.00122136
1,15,5000,0.7,0.1,1,0.00931013,0.00152267,0.0172236,0.0011189
1,15,5000,0.8,0.1,1,0.00930487,0.00148533,0.0172279,0.00113076
1,15,5000,0,0.15,1,0.097703,0.0781023,0.0878947,0.0674048
1,15,5000,0.1,0.15,1,0.00769602,0.00175135,0.0166457,0.000476181
1,15,5000,0.2,0.15,1,0.00774333,0.00177749,0.0165339,0.000384013
1,15,5000,0.3,0.15,1,0.00773841,0.00172883,0.0166386,0.000541552
1,15,5000,0.4,0.15,1,0.00774343,0.00172924,0.0165854,0.000400089
1,15,5000,0.5,0.15,1,0.00775322,0.00175223,0.0165558,0.000275868
1,15,5000,0.6,0.15,1,0.00773533,0.00171223,0.0166759,0.000269841
1,15,5000,0.7,0.15,1,0.00790841,0.00194286,0.0166008,0.000478164
1,15,5000,0.8,0.15,1,0.00789564,0.00187165,0.016691,0.000339293
1,16,5000,0,0,1,0.213416,0.135722,0.213238,0.135583
1,16,5000,0.1,0,1,0.000328364,4.64188e-05,0.00042753,4.77019e-05
1,16,5000,0.2,0,1,0.000219643,1.75331e-05,0.000319592,2.68691e-05
1,16,5000,0.3,0,1,0.000193321,1.55752e-05,0.000279573,2.72739e-05
1,16,5000,0.4,0,1,0.000188424,2.51831e-05,0.000284331,5.64341e-05
1,16,5000,0.5,0,1,0.000185308,1.52876e-05,0.000272523,2.30581e-05
1,16,5000,0.6,0,1,0.000173442,9.65412e-06,0.000258348,2.19558e-05
1,16,5000,0.7,0,1,0.000177752,2.53421e-05,0.000268713,5.3424e-05
1,16,5000,0.8,0,1,0.000165218,1.64551e-05,0.000254396,4.22983e-05
1,16,5000,0,0.05,1,0.220294,0.139003,0.213238,0.135583
1,16,5000,0.1,0.05,1,0.0110171,0.000667543,0.0164665,0.00134755
1,16,5000,0.2,0.05,1,0.0111604,0.000627301,0.0162871,0.00115603
1,16,5000,0.3,0.05,1,0.0112078,0.000643825,0.0162286,0.00105633
1,16,5000,0.4,0.05,1,0.0112268,0.000717927,0.0162776,0.00106747
1,16,5000,0.5,0.05,1,0.0112599,0.000793145,0.016221,0.00121699
1,16,5000,0.6,0.05,1,0.0112672,0.000679307,0.0163024,0.00113733
1,16,5000,0.7,0.05,1,0.0112702,0.000690742,0.0161749,0.000950112
1,16,5000,0.8,0.05,1,0.011132,0.00062689,0.0163225,0.000919568
1,16,5000,0,0.1,1,0.226262,0.142306,0.213238,0.135583
1,16,5000,0.1,0.1,1,0.00943934,0.0010441,0.0162053,0.000920262
1,16,5000,0.2,0.1,1,0.0094568,0.00092414,0.0161211,0.00107868
1,16,5000,0.3,0.1,1,0.0095185,0.000921766,0.0161056,0.00112302
1,16,5000,0.4,0.1,1,0.009562,0.000956126,0.0161195,0.00115636
1,16,5000,0.5,0.1,1,0.00954093,0.000923848,0.0162204,0.00122997
1,16,5000,0.6,0.1,1,0.00948303,0.000833443,0.0163428,0.00134557
1,16,5000,0.7,0.1,1,0.00948202,0.000819633,0.0164002,0.00145453
1,16,5000,0.8,0.1,1,0.00948847,0.000818931,0.0164114,0.00139298
1,16,5000,0,0.15,1,0.231928,0.14676,0.213238,0.135583
1,16,5000,0.1,0.15,1,0.00834524,0.00150371,0.0173178,0.000833495
1,16,5000,0.2,0.15,1,0.00836569,0.00149666,0.0174309,0.000804131
1,16,5000,0.3,0.15,1,0.00839713,0.00147198,0.0174703,0.000779265
1,16,5000,0.4,0.15,1,0.00844549,0.00147599,0.0174191,0.000912842
1,16,5000,0.5,0.15,1,0.00844028,0.00147039,0.017456,0.000917498
1,16,5000,0.6,0.15,1,0.00839995,0.00148188,0.0176517,0.000877176
1,16,5000,0.7,0.15,1,0.00840021,0.00149002,0.0177485,0.00102253
1,16,5000,0.8,0.15,1,0.00835553,0.00149806,0.0179293,0.00119025
1,17,5000,0,0,1,0.346024,0.192804,0.345642,0.192698
1,17,5000,0.1,0,1,0.00032739,2.70076e-05,0.000433791,3.39597e-05
1,17,5000,0.2,0,1,0.000240198,3.04236e-05,0.00035041,5.32022e-05
1,17,5000,0.3,0,1,0.000197543,1.6513e-05,0.00029055,2.88239e-05
1,17,5000,0.4,0,1,0.000185333,2.35911e-05,0.000287208,4.94859e-05
1,17,5000,0.5,0,1,0.000180689,1.63322e-05,0.000274526,3.96098e-05
1,17,5000,0.6,0,1,0.00016599,1.04663e-05,0.000247768,2.30422e-05
1,17,5000,0.7,0,1,0.000163543,1.48285e-05,0.00025304,3.00234e-05
1,17,5000,0.8,0,1,0.000155496,1.1978e-05,0.000231668,2.44158e-05
1,17,5000,0,0.05,1,0.355667,0.193139,0.345642,0.192698
1,17,5000,0.1,0.05,1,0.0114785,0.000935133,0.01638,0.000683303
1,17,5000,0.2,0.05,1,0.0114364,0.000903488,0.0164605,0.000732706
1,17,5000,0.3,0.05,1,0.0113339,0.000886824,0.0166279,0.000736406
1,17,5000,0.4,0.05,1,0.0112059,0.000934294,0.01679,0.000770444
1,17,5000,0.5,0.05,1,0.0113318,0.000748391,0.0166735,0.000507702
1,17,5000,0.6,0.05,1,0.0113466,0.000814207,0.01672,0.000591803
1,17,5000,0.7,0.05,1,0.0113364,0.000820211,0.0168419,0.00068677
1,17,5000,0.8,0.05,1,0.0112722,0.000878386,0.0169383,0.000778659
1,17,5000,0,0.1,1,0.363816,0.194207,0.345642,0.192698
1,17,5000,0.1,0.1,1,0.00977874,0.0015576,0.0161928,0.000856318
1,17,5000,0.2,0.1,1,0.00978033,0.00162145,0.0163002,0.00085291
1,17,5000,0.3,0.1,1,0.00981013,0.00169352,0.0162909,0.000849221
1,17,5000,0.4,0.1,1,0.0098179,0.00174048,0.0163467,0.000896632
1,17,5000,0.5,0.1,1,0.00979783,0.0017737,0.0164267,0.000918549
1,17,5000,0.6,0.1,1,0.00978573,0.00183617,0.0165275,0.00101404
1,17,5000,0.7,0.1,1,0.00977953,0.00181268,0.0166046,0.00112346
1,17,5000,0.8,0.1,1,0.00977673,0.00186597,0.0167248,0.00117345
1,17,5000,0,0.15,1,0.370237,0.194387,0.345642,0.192698
1,17,5000,0.1,0.15,1,0.0090085,0.0020163,0.0172697,0.000736528
1,17,5000,0.2,0.15,1,0.00896615,0.00199391,0.0174664,0.00075384
1,17,5000,0.3,0.15,1,0.00896256,0.00195091,0.0176314,0.00076492
1,17,5000,0.4,0.15,1,0.00900266,0.00198759,0.0177928,0.000771733
1,17,5000,0.5,0.15,1,0.00902472,0.0020164,0.0178738,0.000847841
1,17,5000,0.6,0.15,1,0.00904104,0.00203202,0.0178653,0.000978949
1,17,5000,0.7,0.15,1,0.00904761,0.00228198,0.0178565,0.00108613
1,17,5000,0.8,0.15,1,0.00887466,0.00231475,0.0180018,0.00118131
1,18,5000,0,0,1,0.0895666,0.0697002,0.0903683,0.069478
1,18,5000,0.1,0,1,0.00031753,1.99984e-05,0.000428281,2.46875e-05
1,18,5000,0.2,0,1,0.000220289,9.7148e-06,0.000328526,2.11904e-05
1,18,5000,0.3,0,1,0.000205831,2.26921e-05,0.000322997,4.7728e-05
1,18,5000,0.4,0,1,0.000180888,1.09823e-05,0.000270586,3.21483e-05
1,18,5000,0.5,0,1,0.000167323,1.47774e-05,0.000251116,3.17722e-05
1,18,5000,0.6,0,1,0.000158314,2.03612e-05,0.000235968,4.05704e-05
1,18,5000,0.7,0,1,0.000168029,2.24098e-05,0.000252919,4.35077e-05
1,18,5000,0.8,0,1,0.000163566,2.71837e-05,0.000250137,5.14241e-05
1,18,5000,0,0.05,1,0.0908232,0.0721902,0.0903683,0.069478
1,18,5000,0.1,0.05,1,0.011297,0.00090538,0.0159781,0.000860823
1,18,5000,0.2,0.05,1,0.0113178,0.000850126,0.0161288,0.000910089
1,18,5000,0.3,0.05,1,0.0113233,0.000824588,0.01621,0.000960738
1,18,5000,0.4,0.05,1,0.0113813,0.000762121,0.0162184,0.000972147
1,18,5000,0.5,0.05,1,0.011426,0.000727962,0.0161754,0.000899041
1,18,5000,0.6,0.05,1,0.0114046,0.000630997,0.0161814,0.000754108
1,18,5000,0.7,0.05,1,0.0113994,0.000631151,0.0162378,0.000723139
1,18,5000,0.8,0.05,1,0.0113071,0.000561151,0.0164427,0.000797344
1,18,5000,0,0.1,1,0.0918299,0.0756597,0.0903683,0.069478
1,18,5000,0.1,0.1,1,0.0087554,0.00174201,0.0163098,0.000892551
1,18,5000,0.2,0.1,1,0.00871784,0.00172741,0.0165658,0.000921418
1,18,5000,0.3,0.1,1,0.00879784,0.00178493,0.0165465,0.000680459
1,18,5000,0.4,0.1,1,0.00879311,0.00184107,0.0165506,0.000716453
1,18,5000,0.5,0.1,1,0.00878343,0.0018396,0.0164948,0.000751224
1,18,5000,0.6,0.1,1,0.00882234,0.00179768,0.0164276,0.000898733
1,18,5000,0.7,0.1,1,0.00886309,0.00180365,0.016421,0.000971443
1,18,5000,0.8,0.1,1,0.00890498,0.00182808,0.016422,0.00103716
1,18,5000,0,0.15,1,0.0934228,0.0770829,0.0903683,0.069478
1,18,5000,0.1,0.15,1,0.0081193,0.00184778,0.0171191,0.00110215
1,18,5000,0.2,0.15,1,0.00818729,0.00187152,0.0172293,0.000933542
1,18,5000,0.3,0.15,1,0.00819097,0.00189136,0.0173324,0.000933972
1,18,5000,0.4,0.15,1,0.00817473,0.00189519,0.0174291,0.000954735
1,18,5000,0.5,0.15,1,0.00814088,0.00188871,0.017504,0.00100325
1,18,5000,0.6,0.15,1,0.00811982,0.00190677,0.0175336,0.00108716
1,18,5000,0.7,0.15,1,0.00813293,0.00198022,0.0175986,0.00111336
1,18,5000,0.8,0.15,1,0.00813219,0.00204103,0.0175981,0.00126381
1,19,5000,0,0,1,0.321599,0.300646,0.322186,0.30011
1,19,5000,0.1,0,1,0.00030619,1.69727e-05,0.000424907,2.03982e-05
1,19,5000,0.2,0,1,0.000216702,2.24798e-05,0.000326598,3.58123e-05
1,19,5000,0.3,0,1,0.000185535,1.29728e-05,0.00028679,1.93909e-05
1,19,5000,0.4,0,1,0.000168033,1.24731e-05,0.000257837,2.48096e-05
1,19,5000,0.5,0,1,0.00016213,1.15883e-05,0.000251938,2.22419e-05
1,19,5000,0.6,0,1,0.000162959,1.05916e-05,0.000252818,1.16536e-05
1,19,5000,0.7,0,1,0.000161846,2.53067e-05,0.000248329,2.66467e-05
1,19,5000,0.8,0,1,0.000153015,5.555e-06,0.000236264,7.83698e-06
1,19,5000,0,0.05,1,0.329075,0.306205,0.322186,0.30011
1,19,5000,0.1,0.05,1,0.0108078,0.000675815,0.0168055,0.00107363
1,19,5000,0.2,0.05,1,0.0107473,0.000706198,0.0170862,0.00139144
1,19,5000,0.3,0.05,1,0.010676,0.000635894,0.0172478,0.0011683
1,19,5000,0.4,0.05,1,0.0106553,0.00033239,0.0172042,0.000523055
1,19,5000,0.5,0.05,1,0.0105035,0.000763704,0.0180822,0.00253434
1,19,5000,0.6,0.05,1,0.0106519,0.00047819,0.0174405,0.00101793
1,19,5000,0.7,0.05,1,0.0105775,0.000553796,0.0173925,0.000662764
1,19,5000,0.8,0.05,1,0.0105808,0.000517944,0.0172301,0.000716885
1,19,5000,0,0.1,1,0.335748,0.311112,0.322186,0.30011
1,19,5000,0.1,0.1,1,0.00964396,0.00166781,0.016585,0.00067273
1,19,5000,0.2,0.1,1,0.00972761,0.00160384,0.0166356,0.000614987
1,19,5000,0.3,0.1,1,0.00976567,0.00156147,0.0166964,0.00062376
1,19,5000,0.4,0.1,1,0.00979281,0.00151224,0.0166982,0.000583971
1,19,5000,0.5,0.1,1,0.00979719,0.00146631,0.0166458,0.000511274
1,19,5000,0.6,0.1,1,0.00980485,0.00145087,0.0166323,0.000509252
1,19,5000,0.7,0.1,1,0.0098125,0.00144017,0.0166443,0.000592181
1,19,5000,0.8,0.1,1,0.00982073,0.00142236,0.0166896,0.000658551
1,19,5000,0,0.15,1,0.343512,0.31681,0.322186,0.30011
1,19,5000,0.1,0.15,1,0.00777359,0.00213362,0.0175946,0.00127816
1,19,5000,0.2,0.15,1,0.00774541,0.00211887,0.0177111,0.00131295
1,19,5000,0.3,0.15,1,0.00773713,0.00210659,0.0177756,0.00128917
1,19,5000,0.4,0.15,1,0.00774688,0.00212183,0.0178383,0.00132114
1,19,5000,0.5,0.15,1,0.00775899,0.00209183,0.0179638,0.00135169
1,19,5000,0.6,0.15,1,0.00781191,0.00206556,0.0180199,0.00138817
1,19,5000,0.7,0.15,1,0.00781529,0.00206574,0.0179887,0.00139042
1,19,5000,0.8,0.15,1,0.00779932,0.00207324,0.0181677,0.0014677
1,20,5000,0,0,1,0.324725,0.172318,0.325194,0.17182
1,20,5000,0.1,0,1,0.000322369,2.55227e-05,0.000432085,1.74003e-05
1,20,5000,0.2,0,1,0.00023419,2.52343e-05,0.000350156,1.30916e-05
1,20,5000,0.3,0,1,0.000184819,1.18081e-05,0.000287687,3.08461e-05
1,20,5000,0.4,0,1,0.000166916,9.07074e-06,0.00025323,2.03099e-05
1,20,5000,0.5,0,1,0.000161414,1.22528e-05,0.000249218,2.49145e-05
1,20,5000,0.6,0,1,0.000147753,9.65959e-06,0.000232447,1.83156e-05
1,20,5000,0.7,0,1,0.000149041,1.01052e-05,0.000233163,2.32965e-05
1,20,5000,0.8,0,1,0.000154165,1.43385e-05,0.000249883,2.86013e-05
1,20,5000,0,0.05,1,0.333104,0.178306,0.325194,0.17182
1,20,5000,0.1,0.05,1,0.0107332,0.00163135,0.0165797,0.0013029
1,20,5000,0.2,0.05,1,0.0107873,0.0014872,0.0165385,0.00117877
1,20,5000,0.3,0.05,1,0.0108563,0.00138318,0.0164969,0.00111524
1,20,5000,0.4,0.05,1,0.0108752,0.00128546,0.0166161,0.00112594
1,20,5000,0.5,0.05,1,0.0108651,0.00129035,0.0166963,0.00112769
1,20,5000,0.6,0.05,1,0.0108382,0.00135991,0.0166353,0.000985791
1,20,5000,0.7,0.05,1,0.0107879,0.00134084,0.0168733,0.00101015
1,20,5000,0.8,0.05,1,0.0107733,0.00142808,0.0168858,0.0011926
1,20,5000,0,0.1,1,0.341629,0.182894,0.325194,0.17182
1,20,5000,0.1,0.1,1,0.00939114,0.00129384,0.0165192,0.00087469
1,20,5000,0.2,0.1,1,0.00933157,0.00124877,0.0167064,0.000968795
1,20,5000,0.3,0.1,1,0.00933367,0.00119566,0.0167154,0.000989543
1,20,5000,0.4,0.1,1,0.00938298,0.00118959,0.0167404,0.00100411
1,20,5000,0.5,0.1,1,0.00942338,0.00126796,0.0168675,0.00104924
1,20,5000,0.6,0.1,1,0.00943809,0.00132309,0.0169994,0.0011111
1,20,5000,0.7,0.1,1,0.00940236,0.00133779,0.017067,0.00111103
1,20,5000,0.8,0.1,1,0.00933432,0.00140742,0.0171751,0.00127065
1,20,5000,0,0.15,1,0.348808,0.187116,0.325194,0.17182
1,20,5000,0.1,0.15,1,0.00767726,0.00216015,0.0166522,0.00088615
1,20,5000,0.2,0.15,1,0.00769023,0.00240252,0.0167777,0.001238
1,20,5000,0.3,0.15,1,0.00765664,0.00246106,0.0169377,0.00136336
1,20,5000,0.4,0.15,1,0.00756248,0.00235941,0.0173448,0.00106113
1,20,5000,0.5,0.15,1,0.00751734,0.00234729,0.0174818,0.00107557
1,20,5000,0.6,0.15,1,0.00748826,0.00235095,0.0175558,0.00114441
1,20,5000,0.7,0.15,1,0.00745592,0.00228372,0.0176711,0.00116312
1,20,5000,0.8,0.15,1,0.00749798,0.00232525,0.0177423,0.0012078
1,21,5000,0,0,1,0.198708,0.245409,0.200115,0.2458
1,21,5000,0.1,0,1,0.000316255,2.55072e-05,0.000433079,3.38263e-05
1,21,5000,0.2,0,1,0.00022953,3.98666e-05,0.0003408,5.84549e-05
1,21,5000,0.3,0,1,0.000202753,4.38636e-05,0.000306761,5.15162e-05
1,21,5000,0.4,0,1,0.000179174,2.79295e-05,0.0002801,4.81719e-05
1,21,5000,0.5,0,1,0.000159555,1.73162e-05,0.000241355,2.22919e-05
1,21,5000,0.6,0,1,0.000152742,1.76251e-05,0.000235623,3.14376e-05
1,21,5000,0.7,0,1,0.000155003,2.84835e-05,0.000236312,3.40161e-05
1,21,5000,0.8,0,1,0.000164866,5.65943e-05,0.000260643,9.16852e-05
1,21,5000,0,0.05,1,0.201638,0.250284,0.200115,0.2458
1,21,5000,0.1,0.05,1,0.0110126,0.00115402,0.0168637,0.000652561
1,21,5000,0.2,0.05,1,0.0109869,0.000963973,0.0170047,0.000601946
1,21,5000,0.3,0.05,1,0.0109635,0.000926073,0.0170745,0.000685477
1,21,5000,0.4,0.05,1,0.0108587,0.00102257,0.0172209,0.000820316
1,21,5000,0.5,0.05,1,0.0109029,0.000966226,0.0172219,0.000816425
1,21,5000,0.6,0.05,1,0.0109518,0.000987419,0.0170747,0.00073735
1,21,5000,0.7,0.05,1,0.0109351,0.000937459,0.0169861,0.000739462
1,21,5000,0.8,0.05,1,0.01104,0.00102598,0.0168869,0.000758949
1,21,5000,0,0.1,1,0.20391,0.25374,0.200115,0.2458
1,21,5000,0.1,0.1,1,0.00971564,0.00147829,0.0166723,0.000830861
1,21,5000,0.2,0.1,1,0.00970221,0.00143673,0.0167614,0.000882641
1,21,5000,0.3,0.1,1,0.00969641,0.00136825,0.0168395,0.000961017
1,21,5000,0.4,0.1,1,0.00967228,0.00129214,0.0169164,0.000957561
1,21,5000,0.5,0.1,1,0.0096609,0.00124539,0.0169369,0.000954112
1,21,5000,0.6,0.1,1,0.00962257,0.00124078,0.0171104,0.00101483
1,21,5000,0.7,0.1,1,0.00943972,0.0013285,0.0177766,0.00188749
1,21,5000,0.8,0.1,1,0.0095112,0.00138703,0.0175561,0.00201453
1,21,5000,0,0.15,1,0.20609,0.256254,0.200115,0.2458
1,21,5000,0.1,0.15,1,0.00911493,0.0020976,0.016552,0.000771019
1,21,5000,0.2,0.15,1,0.00924522,0.0021186,0.0165057,0.000752985
1,21,5000,0.3,0.15,1,0.00925026,0.00206395,0.016581,0.000719759
1,21,5000,0.4,0.15,1,0.00921288,0.00199357,0.0166619,0.000671999
1,21,5000,0.5,0.15,1,0.00916344,0.0019533,0.0167553,0.000596625
1,21,5000,0.6,0.15,1,0.00910622,0.00198301,0.0169149,0.000560638
1,21,5000,0.7,0.15,1,0.00911159,0.00203744,0.0169645,0.000537908
1,21,5000,0.8,0.15,1,0.00913053,0.00208514,0.0169942,0.000571491
1,22,5000,0,0,1,0.24458,0.243826,0.24488,0.242939
1,22,5000,0.1,0,1,0.000292331,2.92764e-05,0.00040976,4.03628e-05
1,22,5000,0.2,0,1,0.000202588,1.68447e-05,0.000310545,5.52096e-05
1,22,5000,0.3,0,1,0.000182618,1.66645e-05,0.000288541,4.7687e-05
1,22,5000,0.4,0,1,0.000169858,1.3817e-05,0.000275498,5.05174e-05
1,22,5000,0.5,0,1,0.000160834,1.52476e-05,0.000263701,5.08827e-05
1,22,5000,0.6,0,1,0.000159751,8.05199e-06,0.000265557,3.18028e-05
1,22,5000,0.7,0,1,0.000157139,7.70254e-06,0.000258077,2.2183e-05
1,22,5000,0.8,0,1,0.000145228,1.74246e-05,0.000242884,4.63202e-05
1,22,5000,0,0.05,1,0.2526,0.251121,0.24488,0.242939
1,22,5000,0.1,0.05,1,0.0107978,0.00113699,0.0165543,0.00107608
1,22,5000,0.2,0.05,1,0.0108239,0.0010903,0.0166093,0.00105149
1,22,5000,0.3,0.05,1,0.0108175,0.0010437,0.0165843,0.000881072
1,22,5000,0.4,0.05,1,0.0107792,0.000974191,0.0166264,0.000776085
1,22,5000,0.5,0.05,1,0.0107391,0.000895508,0.016714,0.000681112
1,22,5000,0.6,0.05,1,0.0107265,0.000911962,0.0167693,0.000694794
1,22,5000,0.7,0.05,1,0.0107056,0.000917655,0.0168707,0.000743526
1,22,5000,0.8,0.05,1,0.0104597,0.00137597,0.0174759,0.00179908
1,22,5000,0,0.1,1,0.258924,0.256942,0.24488,0.242939
1,22,5000,0.1,0.1,1,0.00925308,0.00158088,0.0163838,0.00071683
1,22,5000,0.2,0.1,1,0.00922902,0.00158135,0.0164684,0.000748844
1,22,5000,0.3,0.1,1,0.00920815,0.00157599,0.0165167,0.000794471
1,22,5000,0.4,0.1,1,0.00917638,0.00157191,0.016563,0.000821107
1,22,5000,0.5,0.1,1,0.00915594,0.00155462,0.0166047,0.000816732
1,22,5000,0.6,0.1,1,0.00914639,0.00152342,0.0166554,0.00077501
1,22,5000,0.7,0.1,1,0.00916068,0.00148305,0.0168374,0.000771996
1,22,5000,0.8,0.1,1,0.00919631,0.0014674,0.016852,0.00075104
1,22,5000,0,0.15,1,0.265334,0.26147,0.24488,0.242939
1,22,5000,0.1,0.15,1,0.00801411,0.00205265,0.0165947,0.000405091
1,22,5000,0.2,0.15,1,0.00804142,0.00200673,0.0166955,0.000235852
1,22,5000,0.3,0.15,1,0.00807393,0.0019696,0.0168343,0.00032636
1,22,5000,0.4,0.15,1,0.00810992,0.00195356,0.0169182,0.000449014
1,22,5000,0.5,0.15,1,0.00809528,0.00194937,0.0170488,0.000528898
1,22,5000,0.6,0.15,1,0.00808343,0.00194268,0.0171873,0.000568596
1,22,5000,0.7,0.15,1,0.00806635,0.00196662,0.0172241,0.000508545
1,22,5000,0.8,0.15,1,0.00805355,0.00198062,0.0172788,0.000506349
1,23,5000,0,0,1,0.302408,0.355326,0.302974,0.354666
1,23,5000,0.1,0,1,0.000308122,2.11047e-05,0.000411139,3.43022e-05
1,23,5000,0.2,0,1,0.000203275,1.05289e-05,0.000298642,2.26211e-05
1,23,5000,0.3,0,1,0.000174157,1.49518e-05,0.00026568,3.83899e-05
1,23,5000,0.4,0,1,0.000162139,1.37005e-05,0.000248719,4.46052e-05
1,23,5000,0.5,0,1,0.000152704,1.40812e-05,0.00023625,3.98051e-05
1,23,5000,0.6,0,1,0.000148122,1.13467e-05,0.000236136,3.87327e-05
1,23,5000,0.7,0,1,0.000146312,1.40323e-05,0.000235331,3.13773e-05
1,23,5000,0.8,0,1,0.000142637,1.03815e-05,0.000232581,1.88195e-05
1,23,5000,0,0.05,1,0.310972,0.364841,0.302974,0.354666
1,23,5000,0.1,0.05,1,0.0108105,0.001156,0.0158208,0.00114219
1,23,5000,0.2,0.05,1,0.0107728,0.00116096,0.0158459,0.00104687
1,23,5000,0.3,0.05,1,0.0106999,0.00120756,0.0160454,0.00118918
1,23,5000,0.4,0.05,1,0.0107743,0.00107602,0.0160261,0.000960391
1,23,5000,0.5,0.05,1,0.0105319,0.00131625,0.0167753,0.00211911
1,23,5000,0.6,0.05,1,0.0106021,0.00117066,0.0169298,0.00235025
1,23,5000,0.7,0.05,1,0.0105094,0.00130017,0.0167755,0.00182001
1,23,5000,0.8,0.05,1,0.0105419,0.00128312,0.0168672,0.00178796
2,6,5000,0.1,0,1,0.000265409,1.22116e-05,0.000316794,1.5049e-05
2,6,5000,0.2,0,1,0.000215028,3.25654e-05,0.000270492,3.09212e-05
2,6,5000,0.3,0,1,0.000195096,3.56228e-05,0.000243378,3.84257e-05
2,6,5000,0.4,0,1,0.000182585,3.0576e-05,0.000233332,2.69599e-05
2,6,5000,0.5,0,1,0.000175147,2.65908e-05,0.000222036,2.63425e-05
2,6,5000,0.6,0,1,0.00018189,1.99407e-05,0.0002277,2.41415e-05
2,6,5000,0.7,0,1,0.0001786,1.98242e-05,0.000223259,2.93247e-05
2,6,5000,0.8,0,1,0.000177289,2.33666e-05,0.000223366,2.68675e-05
2,7,5000,0.1,0,1,0.000253042,1.69722e-05,0.000302684,1.36968e-05
2,7,5000,0.2,0,1,0.000213158,2.13833e-05,0.000262513,1.82619e-05
2,7,5000,0.3,0,1,0.000195419,2.88365e-05,0.000248527,2.71834e-05
2,7,5000,0.4,0,1,0.000182425,3.32608e-05,0.000239154,3.09431e-05
2,7,5000,0.5,0,1,0.000177346,3.2743e-05,0.000231378,3.00721e-05
2,7,5000,0.6,0,1,0.000163324,2.76335e-05,0.000224235,2.85377e-05
2,7,5000,0.7,0,1,0.000159778,3.2647e-05,0.000219758,3.75226e-05
2,7,5000,0.8,0,1,0.000154756,2.66296e-05,0.000211802,2.9958e-05
2,8,5000,0.1,0,1,0.00024072,2.42562e-05,0.000296986,3.23125e-05
2,8,5000,0.2,0,1,0.000180124,3.58672e-05,0.000236214,4.03752e-05
2,8,5000,0.3,0,1,0.000154332,2.77999e-05,0.000206775,2.9723e-05
2,8,5000,0.4,0,1,0.000167162,3.69572e-05,0.000217075,4.00724e-05
2,8,5000,0.5,0,1,0.000157495,3.72172e-05,0.000210547,4.00484e-05
2,8,5000,0.6,0,1,0.000149118,3.60469e-05,0.00020916,4.29995e-05
2,8,5000,0.7,0,1,0.000140091,2.74037e-05,0.000196598,2.28785e-05
2,8,5000,0.8,0,1,0.000145392,4.76005e-05,0.000199709,4.50164e-05
2,9,5000,0.1,0,1,0.000240529,2.57702e-05,0.000309986,3.61767e-05
2,9,5000,0.2,0,1,0.000183664,2.42265e-05,0.000244731,3.25583e-05
2,9,5000,0.3,0,1,0.000158552,2.91318e-05,0.000223128,4.03029e-05
2,9,5000,0.4,0,1,0.000142725,1.12585e-05,0.000199842,1.29589e-05
2,9,5000,0.5,0,1,0.000123034,2.33256e-05,0.000176102,2.27552e-05
2,9,5000,0.6,0,1,0.0001168,1.60362e-05,0.000170091,1.26075e-05
2,9,5000,0.7,0,1,0.000106726,1.42825e-05,0.000159279,9.5615e-06
2,9,5000,0.8,0,1,0.000105213,1.10629e-05,0.000160122,9.52834e-06
2,10,5000,0.1,0,1,0.000229566,2.07036e-05,0.000303121,3.05959e-05
2,10,5000,0.2,0,1,0.000179487,2.27877e-05,0.000243791,2.29302e-05
2,10,5000,0.3,0,1,0.000144529,2.30978e-05,0.000209824,2.60245e-05
2,10,5000,0.4,0,1,0.000122456,1.47302e-05,0.000181885,1.68945e-05
2,10,5000,0.5,0,1,0.00011061,1.41142e-05,0.000168638,1.7349e-05
2,10,5000,0.6,0,1,0.000113544,9.92568e-06,0.000178621,9.03667e-06
2,10,5000,0.7,0,1,9.85938e-05,9.90228e-06,0.000162918,1.46027e-05
2,10,5000,0.8,0,1,9.65149e-05,8.36726e-06,0.000161631,1.21425e-05
2,11,5000,0.1,0,1,0.000236071,1.4965e-05,0.000303954,3.51003e-05
2,11,5000,0.2,0,1,0.000180996,2.09548e-05,0.000245673,3.67812e-05
2,11,5000,0.3,0,1,0.000146843,2.25438e-05,0.000213669,3.59176e-05
2,11,5000,0.4,0,1,0.000125643,1.36601e-05,0.000183508,1.87338e-05
2,11,5000,0.5,0,1,0.000117639,2.12134e-05,0.000181798,2.13938e-05
2,11,5000,0.6,0,1,0.000114665,1.53796e-05,0.000177299,1.7484e-05
2,11,5000,0.7,0,1,9.73096e-05,6.75812e-06,0.000158686,1.16528e-05
2,11,5000,0.8,0,1,9.57483e-05,4.86443e-06,0.000160223,1.09748e-05
2,12,5000,0.1,0,1,0.000228409,2.43573e-05,0.000293695,2.46122e-05
2,12,5000,0.2,0,1,0.000175945,2.62065e-05,0.000238878,2.42799e-05
2,12,5000,0.3,0,1,0.000137327,2.91658e-05,0.000194493,3.42744e-05
2,12,5000,0.4,0,1,0.000122636,2.93713e-05,0.000179551,3.33574e-05
2,12,5000,0.5,0,1,0.000116632,3.55807e-05,0.000176477,3.71702e-05
2,12,5000,0.6,0,1,0.000108701,3.04872e-05,0.000174503,3.337e-05
2,12,5000,0.7,0,1,8.90924e-05,1.07013e-05,0.000155627,1.42622e-05
2,12,5000,0.8,0,1,8.81576e-05,1.16453e-05,0.000153325,1.75076e-05
2,13,5000,0.1,0,1,0.000210015,7.18547e-06,0.000280465,1.64326e-05
2,13,5000,0.2,0,1,0.000140823,1.30612e-05,0.000206586,1.44977e-05
2,13,5000,0.3,0,1,0.000123122,2.14558e-05,0.000179443,2.20989e-05
2,13,5000,0.4,0,1,9.49288e-05,9.34193e-06,0.000152972,9.56785e-06
2,13,5000,0.5,0,1,8.8104e-05,7.3191e-06,0.000149162,4.78678e-06
2,13,5000,0.6,0,1,8.47981e-05,4.57534e-06,0.000149319,1.20404e-05
2,13,5000,0.7,0,1,8.06584e-05,3.88899e-06,0.000146218,6.00382e-06
2,13,5000,0.8,0,1,8.02052e-05,3.84566e-06,0.000148269,3.76688e-06
2,14,5000,0.1,0,1,0.000205273,2.83911e-05,0.000276289,2.8664e-05
2,14,5000,0.2,0,1,0.000136452,1.83903e-05,0.000204017,1.21277e-05
2,14,5000,0.3,0,1,0.000110264,1.32707e-05,0.000175796,1.11728e-05
2,14,5000,0.4,0,1,0.000100798,1.90209e-05,0.000166008,2.02766e-05
2,14,5000,0.5,0,1,9.75841e-05,1.64454e-05,0.000171812,1.49848e-05
2,14,5000,0.6,0,1,8.60865e-05,1.25869e-05,0.000158947,1.9863e-05
2,14,5000,0.7,0,1,8.84478e-05,2.22326e-05,0.00016378,2.5384e-05
2,14,5000,0.8,0,1,8.50217e-05,2.28738e-05,0.000166457,3.27642e-05
2,15,5000,0.1,0,1,0.000209944,2.35807e-05,0.000291945,4.20932e-05
2,15,5000,0.2,0,1,0.000138611,1.9324e-05,0.000210963,1.91259e-05
2,15,5000,0.3,0,1,0.000110385,1.94555e-05,0.000194204,3.63067e-05
2,15,5000,0.4,0,1,9.35783e-05,9.5148e-06,0.000173293,1.74105e-05
2,15,5000,0.5,0,1,8.24572e-05,5.35958e-06,0.000158527,2.05868e-05
2,15,5000,0.6,0,1,8.30163e-05,1.64859e-05,0.000153595,2.44589e-05
2,15,5000,0.7,0,1,7.31451e-05,6.76244e-06,0.000147252,3.15518e-05
2,15,5000,0.8,0,1,7.11336e-05,5.14027e-06,0.00014512,1.68265e-05
2,16,5000,0.1,0,1,0.000193364,3.06878e-05,0.000282688,3.86754e-05
2,16,5000,0.2,0,1,0.000139856,3.00561e-05,0.000219495,2.56832e-05
2,16,5000,0.3,0,1,0.000104976,1.61666e-05,0.000176215,1.86581e-05
2,16,5000,0.4,0,1,8.77282e-05,1.03717e-05,0.000163697,1.66138e-05
2,16,5000,0.5,0,1,8.15011e-05,1.05989e-05,0.000171495,4.51086e-05
2,16,5000,0.6,0,1,7.91426e-05,7.59675e-06,0.000164919,2.88244e-05
2,16,5000,0.7,0,1,7.24624e-05,9.32682e-06,0.000155359,1.25062e-05
2,16,5000,0.8,0,1,6.80617e-05,4.21663e-06,0.000145465,7.80303e-06
2,17,5000,0.1,0,1,0.000202109,5.50662e-06,0.000287768,1.20051e-05
2,17,5000,0.2,0,1,0.000144311,4.58134e-06,0.000214137,1.48718e-05
2,17,5000,0.3,0,1,0.000110939,1.00301e-05,0.000184517,1.73223e-05
2,17,5000,0.4,0,1,9.43125e-05,6.66161e-06,0.000171467,1.34575e-05
2,17,5000,0.5,0,1,8.81147e-05,6.73642e-06,0.000161577,1.25774e-05
2,17,5000,0.6,0,1,7.84766e-05,8.32933e-06,0.000161306,1.01921e-05
2,17,5000,0.7,0,1,8.30883e-05,1.16899e-05,0.000167584,1.25647e-05
2,17,5000,0.8,0,1,7.73762e-05,1.99655e-05,0.000174495,3.59923e-05
2,18,5000,0.1,0,1,0.000199151,2.027e-05,0.000294438,3.39795e-05
2,18,5000,0.2,0,1,0.000125707,8.55522e-06,0.000209131,2.61899e-05
2,18,5000,0.3,0,1,9.67206e-05,9.05366e-06,0.000178851,1.28968e-05
2,18,5000,0.4,0,1,8.35148e-05,1.93267e-06,0.000161466,1.78421e-05
2,18,5000,0.5,0,1,7.54237e-05,4.64608e-06,0.000160746,1.98058e-05
2,18,5000,0.6,0,1,7.09581e-05,7.94162e-06,0.000162509,2.57697e-05
2,18,5000,0.7,0,1,6.4364e-05,6.76643e-06,0.000149742,1.62785e-05
2,18,5000,0.8,0,1,6.56797e-05,1.00567e-05,0.000152894,2.49185e-05
2,19,5000,0.1,0,1,0.00019564,2.63955e-05,0.000274012,2.82553e-05
2,19,5000,0.2,0,1,0.000135185,2.54151e-05,0.000212604,2.92691e-05
2,19,5000,0.3,0,1,0.000104021,2.04602e-05,0.000181379,1.8367e-05
2,19,5000,0.4,0,1,9.06218e-05,6.64584e-06,0.00017539,1.39919e-05
2,19,5000,0.5,0,1,7.57718e-05,5.74697e-06,0.00015597,6.54791e-06
2,19,5000,0.6,0,1,6.70643e-05,4.07058e-06,0.000146858,8.415e-06
2,19,5000,0.7,0,1,6.21027e-05,7.83043e-06,0.000142648,1.64725e-05
2,19,5000,0.8,0,1,6.36373e-05,9.09663e-06,0.000151807,2.94908e-05
2,20,5000,0.1,0,1,0.000181145,2.02339e-05,0.00026704,2.57226e-05
2,20,5000,0.2,0,1,0.000115279,1.92257e-05,0.000205481,2.46181e-05
2,20,5000,0.3,0,1,9.33725e-05,2.29089e-05,0.000179851,3.03788e-05
2,20,5000,0.4,0,1,7.65842e-05,4.63978e-06,0.00015793,1.21914e-05
2,20,5000,0.5,0,1,6.64582e-05,2.60722e-06,0.000147345,1.10426e-05
2,20,5000,0.6,0,1,6.18864e-05,3.1208e-06,0.000141246,6.73845e-06
2,20,5000,0.7,0,1,6.10593e-05,3.92178e-06,0.000144061,1.70654e-05
2,20,5000,0.8,0,1,5.53842e-05,3.16277e-06,0.000137002,8.27153e-06
2,21,5000,0.1,0,1,0.000172072,2.0822e-05,0.000245503,3.08644e-05
2,21,5000,0.2,0,1,0.000109806,1.69961e-05,0.000188988,2.90449e-05
2,21,5000,0.3,0,1,8.29864e-05,6.41193e-06,0.000171297,2.57334e-05
2,21,5000,0.4,0,1,7.81493e-05,5.26877e-06,0.000161229,1.54499e-05
2,21,5000,0.5,0,1,7.21663e-05,6.88484e-06,0.000151384,2.02662e-05
2,21,5000,0.6,0,1,6.65771e-05,1.04366e-05,0.000153046,2.40648e-05
2,21,5000,0.7,0,1,5.92745e-05,6.63053e-06,0.000142241,1.41791e-05
2,21,5000,0.8,0,1,5.47977e-05,7.17064e-06,0.000141027,2.47256e-05
2,22,5000,0.1,0,1,0.000190513,1.31203e-05,0.000277841,1.8263e-05
2,22,5000,0.2,0,1,0.000124476,1.93682e-05,0.000212123,2.87007e-05
2,22,5000,0.3,0,1,9.71741e-05,1.72307e-05,0.000194729,1.96222e-05
2,22,5000,0.4,0,1,8.18139e-05,7.76163e-06,0.000177921,1.49548e-05
2,22,5000,0.5,0,1,7.06589e-05,4.19539e-06,0.000163333,1.81486e-05
2,22,5000,0.6,0,1,6.50151e-05,5.73976e-06,0.000160824,2.36448e-05
2,22,5000,0.7,0,1,6.06696e-05,4.93025e-06,0.000181657,3.44927e-05
2,22,5000,0.8,0,1,5.61203e-05,2.11587e-06,0.000161946,2.35299e-05
2,23,5000,0.1,0,1,0.000168522,1.69083e-05,0.000260025,2.56781e-05
2,23,5000,0.2,0,1,0.000118522,1.70486e-05,0.000209251,2.59294e-05
2,23,5000,0.3,0,1,9.5468e-05,1.47937e-05,0.000187765,3.06625e-05
2,23,5000,0.4,0,1,7.58287e-05,1.29475e-05,0.000168073,2.5004e-05
2,23,5000,0.5,0,1,6.95942e-05,1.08717e-05,0.000159632,2.44558e-05
2,23,5000,0.6,0,1,5.82467e-05,6.07357e-06,0.000155457,1.44366e-05
2,23,5000,0.7,0,1,5.45937e-05,3.99497e-06,0.000156583,1.81257e-05
2,23,5000,0.8,0,1,5.31569e-05,5.88701e-06,0.000149144,1.34939e-05
2,24,5000,0.1,0,1,0.000175255,1.44772e-05,0.000258466,1.5841e-05
3,6,5000,0.1,0,1,0.000275341,1.27548e-05,0.000318511,2.29192e-05
3,6,5000,0.2,0,1,0.000238034,1.32236e-05,0.000283679,7.64307e-06
3,6,5000,0.3,0,1,0.000228657,2.16801e-05,0.000283875,3.58645e-05
3,6,5000,0.4,0,1,0.000210835,2.72513e-05,0.000259924,3.32166e-05
3,6,5000,0.5,0,1,0.000191005,2.66725e-05,0.000238954,4.10087e-05
3,6,5000,0.6,0,1,0.000186045,2.43283e-05,0.000238611,3.85822e-05
3,6,5000,0.7,0,1,0.000182913,1.72214e-05,0.000227852,1.75496e-05
3,6,5000,0.8,0,1,0.000169965,1.85364e-05,0.000219732,2.35758e-05
3,7,5000,0.1,0,1,0.000268841,4.8955e-06,0.000330106,2.21016e-05
3,7,5000,0.2,0,1,0.000236563,2.3933e-05,0.000287031,2.59163e-05
3,7,5000,0.3,0,1,0.000202582,2.02536e-05,0.000254787,1.90842e-05
3,7,5000,0.4,0,1,0.000177384,2.53698e-05,0.000236096,2.70172e-05
3,7,5000,0.5,0,1,0.000164603,1.92527e-05,0.000219674,1.61102e-05
3,7,5000,0.6,0,1,0.000156697,2.10395e-05,0.000216665,3.32441e-05
3,7,5000,0.7,0,1,0.000137894,2.74658e-05,0.000190376,3.53454e-05
3,7,5000,0.8,0,1,0.000143129,2.9098e-05,0.000195709,4.02143e-05
3,8,5000,0.1,0,1,0.000246787,1.68586e-05,0.000304764,2.78878e-05
3,8,5000,0.2,0,1,0.000207101,3.9299e-05,0.000265536,4.8511e-05
3,8,5000,0.3,0,1,0.000167599,3.29785e-05,0.000220421,3.62114e-05
3,8,5000,0.4,0,1,0.000136362,1.26418e-05,0.000184361,1.85858e-05
3,8,5000,0.5,0,1,0.000118971,1.22707e-05,0.00017354,2.00046e-05
3,8,5000,0.6,0,1,0.000110502,6.7955e-06,0.000165087,6.73661e-06
3,8,5000,0.7,0,1,0.00010912,7.67668e-06,0.000166965,1.15813e-05
3,8,5000,0.8,0,1,0.000114116,1.30723e-05,0.000173893,1.57679e-05
3,9,5000,0.1,0,1,0.000236944,2.72938e-05,0.000298935,4.13767e-05
3,9,5000,0.2,0,1,0.000186735,3.0895e-05,0.000245138,3.29429e-05
3,9,5000,0.3,0,1,0.000154097,3.42615e-05,0.000213675,3.63324e-05
3,9,5000,0.4,0,1,0.000124377,2.34455e-05,0.000179153,1.79879e-05
3,9,5000,0.5,0,1,0.000109375,1.38039e-05,0.000169628,1.82644e-05
3,9,5000,0.6,0,1,0.000119118,2.68368e-05,0.000183489,3.12734e-05
3,9,5000,0.7,0,1,0.000114506,3.00017e-05,0.000177228,3.16454e-05
3,9,5000,0.8,0,1,0.000115682,2.84459e-05,0.0001804,3.65446e-05
3,10,5000,0.1,0,1,0.00023803,2.08753e-05,0.000309243,3.01186e-05
3,10,5000,0.2,0,1,0.00018184,2.88176e-05,0.000250585,2.71616e-05
3,10,5000,0.3,0,1,0.000155319,2.5509e-05,0.000219921,2.18787e-05
3,10,5000,0.4,0,1,0.000135868,2.4326e-05,0.000197657,1.55781e-05
3,10,5000,0.5,0,1,0.000115346,2.55032e-05,0.000180053,2.57409e-05
3,10,5000,0.6,0,1,0.00011796,3.46246e-05,0.00018808,4.1668e-05
3,10,5000,0.7,0,1,0.000107156,2.09013e-05,0.000174182,3.0073e-05
3,10,5000,0.8,0,1,9.98619e-05,8.28523e-06,0.000174534,3.3481e-05
3,11,5000,0.1,0,1,0.000213032,1.35525e-05,0.000270495,1.89073e-05
3,11,5000,0.2,0,1,0.000170163,2.41849e-05,0.000223309,2.5738e-05
3,11,5000,0.3,0,1,0.000119862,2.04809e-05,0.000173883,2.48621e-05
3,11,5000,0.4,0,1,0.000102446,1.42415e-05,0.00015676,1.86971e-05
3,11,5000,0.5,0,1,0.000109842,2.99139e-05,0.000167827,4.30444e-05
3,11,5000,0.6,0,1,9.67288e-05,1.76745e-05,0.000166319,3.99225e-05
3,11,5000,0.7,0,1,9.65694e-05,6.27132e-06,0.000168948,2.3207e-05
3,11,5000,0.8,0,1,8.27195e-05,4.80275e-06,0.000158939,7.6743e-06
3,12,5000,0.1,0,1,0.000231293,1.5314e-05,0.000299388,1.85148e-05
3,12,5000,0.2,0,1,0.00016419,1.70458e-05,0.000225278,2.56714e-05
3,12,5000,0.3,0,1,0.000139639,1.55947e-05,0.000200897,1.79312e-05
3,12,5000,0.4,0,1,0.000130615,2.78749e-05,0.000200138,1.7013e-05
3,12,5000,0.5,0,1,0.000113316,2.25615e-05,0.000197337,3.89736e-05
3,12,5000,0.6,0,1,0.000103496,2.40358e-05,0.000182113,3.50818e-05
3,12,5000,0.7,0,1,0.000104312,1.46034e-05,0.000173617,2.87644e-05
3,12,5000,0.8,0,1,9.86057e-05,1.1171e-05,0.000168486,2.01822e-05
3,13,5000,0.1,0,1,0.000212178,1.79692e-05,0.000280327,1.3919e-05
3,13,5000,0.2,0,1,0.000150949,2.01086e-05,0.00022872,3.12915e-05
3,13,5000,0.3,0,1,0.000114811,1.7314e-05,0.000184133,1.32855e-05
3,13,5000,0.4,0,1,0.00011683,1.50452e-05,0.000199747,2.31465e-05
3,13,5000,0.5,0,1,9.84032e-05,1.93392e-05,0.000174883,2.58942e-05
3,13,5000,0.6,0,1,0.000100005,1.37442e-05,0.00018512,3.76177e-05
3,13,5000,0.7,0,1,8.37158e-05,1.11689e-05,0.00015607,2.71881e-05
3,13,5000,0.8,0,1,9.79549e-05,4.55739e-05,0.000172692,6.78003e-05
3,14,5000,0.1,0,1,0.000212396,3.04413e-05,0.000282463,4.25264e-05
3,14,5000,0.2,0,1,0.00014567,3.60052e-05,0.000215792,4.85891e-05
3,14,5000,0.3,0,1,0.000120217,3.71903e-05,0.000191003,4.54938e-05
3,14,5000,0.4,0,1,9.0675e-05,1.26989e-05,0.000160406,9.72745e-06
3,14,5000,0.5,0,1,7.98963e-05,7.87671e-06,0.000154804,1.16097e-05
3,14,5000,0.6,0,1,8.62483e-05,2.08238e-05,0.000170307,2.12997e-05
3,14,5000,0.7,0,1,8.10037e-05,1.28311e-05,0.000163731,1.77945e-05
3,14,5000,0.8,0,1,7.78185e-05,1.32044e-05,0.000148155,1.77665e-05
3,15,5000,0.1,0,1,0.000204181,2.94416e-05,0.000278359,3.49574e-05
3,15,5000,0.2,0,1,0.000147796,3.87561e-05,0.000218102,4.8153e-05
3,15,5000,0.3,0,1,0.00011311,2.87642e-05,0.000187115,3.07696e-05
3,15,5000,0.4,0,1,0.000107395,2.31381e-05,0.000188549,3.22986e-05
3,15,5000,0.5,0,1,9.21023e-05,1.33088e-05,0.000172375,1.82849e-05
3,15,5000,0.6,0,1,7.55745e-05,1.03429e-05,0.0001576,1.76787e-05
3,15,5000,0.7,0,1,7.69088e-05,5.74185e-06,0.000153121,9.52758e-06
3,15,5000,0.8,0,1,7.06771e-05,5.20419e-06,0.000162713,2.79584e-05
3,16,5000,0.1,0,1,0.000176771,2.71543e-05,0.000240373,3.12484e-05
3,16,5000,0.2,0,1,0.000105837,1.05558e-05,0.000174581,1.04285e-05
3,16,5000,0.3,0,1,8.44653e-05,6.18913e-06,0.000157775,8.44335e-06
3,16,5000,0.4,0,1,7.73727e-05,4.84546e-06,0.000154606,1.13352e-05
3,16,5000,0.5,0,1,6.73583e-05,3.40139e-06,0.00013954,9.52882e-06
3,16,5000,0.6,0,1,6.36033e-05,3.99142e-06,0.000137561,9.02157e-06
3,16,5000,0.7,0,1,6.4877e-05,4.22539e-06,0.000152006,1.10092e-05
3,16,5000,0.8,0,1,5.89003e-05,2.86021e-06,0.000147294,6.66129e-06
3,17,5000,0.1,0,1,0.000193128,2.26406e-05,0.000275554,1.54471e-05
3,17,5000,0.2,0,1,0.000128988,3.53467e-05,0.000200706,4.29584e-05
3,17,5000,0.3,0,1,9.97605e-05,1.65821e-05,0.000165202,1.39968e-05
3,17,5000,0.4,0,1,0.000102568,3.08956e-05,0.000188461,3.67706e-05
3,17,5000,0.5,0,1,8.97242e-05,1.93622e-05,0.000176032,2.40107e-05
3,17,5000,0.6,0,1,8.02789e-05,1.85885e-05,0.000168633,1.44396e-05
3,17,5000,0.7,0,1,7.05471e-05,1.41021e-05,0.000154324,1.7552e-05
3,17,5000,0.8,0,1,7.19866e-05,1.91653e-05,0.00015749,1.04407e-05
3,18,5000,0.1,0,1,0.000190191,3.30971e-05,0.000274295,3.49217e-05
3,18,5000,0.2,0,1,0.000126476,2.84473e-05,0.000210074,2.87909e-05
3,18,5000,0.3,0,1,9.29099e-05,1.15794e-05,0.000178657,2.0388e-05
3,18,5000,0.4,0,1,7.73353e-05,4.99657e-06,0.000170452,1.83799e-05
3,18,5000,0.5,0,1,7.07187e-05,7.08611e-06,0.00015159,1.24267e-05
3,18,5000,0.6,0,1,7.08578e-05,1.87728e-05,0.000159298,1.74657e-05
3,18,5000,0.7,0,1,7.46012e-05,3.12558e-05,0.000165373,1.99603e-05
3,18,5000,0.8,0,1,5.84867e-05,1.11268e-05,0.000141823,1.56399e-05
3,19,5000,0.1,0,1,0.000168866,2.00311e-05,0.000242383,2.17609e-05
3,19,5000,0.2,0,1,9.77151e-05,3.68095e-06,0.000169138,6.4692e-06
3,19,5000,0.3,0,1,8.00749e-05,3.77625e-06,0.000156504,1.16691e-05
3,19,5000,0.4,0,1,7.2943e-05,8.03243e-06,0.000153751,8.77759e-06
3,19,5000,0.5,0,1,6.23567e-05,4.01618e-06,0.000149939,9.68384e-06
3,19,5000,0.6,0,1,6.14815e-05,2.69805e-06,0.00015491,2.18984e-05
3,19,5000,0.7,0,1,6.00194e-05,7.69887e-06,0.000139543,1.98437e-05
3,19,5000,0.8,0,1,5.48006e-05,4.05128e-06,0.000143022,1.40096e-05
3,20,5000,0.1,0,1,0.000166059,3.13515e-05,0.000248104,2.96901e-05
3,20,5000,0.2,0,1,0.000108611,2.21464e-05,0.000193159,2.30513e-05
Id,Predicted
0,0.275924
1,0.0464735
2,0.0339977
3,0.0118786
4,0.0144806
5,0.019363
6,0.0233419
7,0.10375
8,0.0206865
9,0.544538
10,0.0083008
11,0.0177205
12,0.0149173
13,0.0190997
14,0.103724
15,0.0325468
16,0.164805
17,0.0202744
18,0.0148391
19,0.0208212
20,0.0098728
21,0.0107045
22,0.0134231
23,0.016041
24,0.0162666
25,0.0625216
26,0.0681666
27,0.0975973
28,0.0147554
29,0.0232554
30,0.0109066
31,0.0410115
32,0.0645477
33,0.0518191
34,0.00797729
35,0.0543946
36,0.282841
37,0.0157675
38,0.00883249
39,0.0140353
40,0.0149676
41,0.0421937
42,0.0943578
43,0.0529097
44,0.0554142
45,0.0138828
46,0.0543229
47,0.0205422
48,0.0138311
49,0.541982
50,0.0132759
51,0.017467
52,0.258535
53,0.0482283
54,0.00982871
55,0.00903379
56,0.00990566
57,0.011422
58,0.0177349
59,0.0567842
60,0.102125
61,0.013296
62,0.207656
63,0.275895
64,0.730213
65,0.0146344
66,0.0882294
67,0.0184418
68,0.014512
69,0.07459
70,0.102491
71,0.0471196
72,0.0132198
73,0.016397
74,0.27651
75,0.0111689
76,0.0495797
77,0.0238345
78,0.152949
79,0.0104115
80,0.0152359
81,0.071058
82,0.0165585
83,0.24888
84,0.0184025
85,0.164997
86,0.0867385
87,0.330602
88,0.0107358
89,0.0294256
90,0.285633
91,0.302508
92,0.00996997
93,0.149719
94,0.142626
95,0.140994
96,0.0271397
97,0.020744
98,0.210711
99,0.0272236
100,0.05867
101,0.0123274
102,0.00852946
103,0.0115645
104,0.0204091
105,0.0675057
106,0.0190491
107,0.709461
108,0.0109501
109,0.0716582
110,0.0168147
111,0.0131061
112,0.0481684
113,0.00982332
114,0.00781661
115,0.176538
116,0.0343052
117,0.0201342
118,0.326798
119,0.00947953
120,0.0140342
121,0.085293
122,0.0137985
123,0.169501
124,0.14574
125,0.0148946
126,0.018972
127,0.384947
128,0.0232322
129,0.0113457
130,0.0530177
131,0.0399201
132,0.0502692
133,0.165773
134,0.0696652
135,0.015587
136,0.0160887
137,0.015255
138,0.00763282
139,0.0101266
140,0.269704
141,0.0577661
142,0.0109694
143,0.24722
144,0.0965606
145,0.0141367
146,0.565464
147,0.204529
148,0.01704
149,0.0782366
150,0.187602
151,0.0156936
152,0.0192478
153,0.166431
154,0.029568
155,0.152084
156,0.281884
157,0.0133912
158,0.0171447
159,0.0238404
160,0.0423654
161,0.0198471
162,0.0256054
163,0.0545206
164,0.0426309
165,0.0133546
166,0.0166205
167,0.014731
168,0.0163255
169,0.0173931
170,0.147055
171,0.0446482
172,0.0155101
173,0.0143337
174,0.0793498
175,0.0186146
176,0.164531
177,0.0124284
178,0.242955
179,0.0117879
180,0.0206405
181,0.0280297
182,0.0239354
183,0.00822737
184,0.283663
185,0.0573305
186,0.0135739
187,0.0117921
188,0.27741
189,0.0089
190,0.0771736
191,0.0101905
192,0.0628877
193,0.0214548
194,0.0121803
195,0.240446
196,0.0176424
197,0.0126593
198,0.0122864
199,0.0196382
200,0.0152027
201,0.154731
202,0.0369483
203,0.0689198
204,0.0419098
205,0.0728923
206,0.0104152
207,0.0359103
208,0.00951548
209,0.945189
210,0.085301
211,0.0142185
212,0.0172511
213,0.00823389
214,0.0656276
215,0.156303
216,0.716888
217,0.0122927
218,0.0209492
219,0.0142198
220,0.0257811
221,0.0209078
222,0.0107125
223,0.0559149
224,0.0907923
225,0.0130498
226,0.497518
227,0.034247
228,0.227563
229,0.0123156
230,0.0165646
231,0.0150523
232,0.0210861
233,0.0230559
234,0.0438691
235,0.0170508
236,0.016581
237,0.064555
238,0.0158603
239,0.0827416
240,0.0185083
241,0.352705
242,0.0352145
243,0.0530875
244,0.164926
245,0.0152011
246,0.0122329
247,0.0737891
248,0.0357329
249,0.0122735
250,0.0151098
251,0.0106657
252,0.0348189
253,0.0153244
254,0.0124033
255,0.0129942
256,0.0547382
257,0.0582314
258,0.0226858
259,0.0180216
260,0.0212795
261,0.0153473
262,0.0137425
263,0.0209607
264,0.0198083
265,0.00884549
266,0.0188625
267,0.0132289
268,0.280179
269,0.0648562
270,0.009229
271,0.091607
272,0.00948888
273,0.0193266
274,0.0521909
275,0.0153552
276,0.0501158
277,0.0164258
278,0.00786341
279,0.157064
280,0.0143675
281,0.0174513
282,0.00993356
283,0.0137449
284,0.0125717
285,0.0114348
286,0.0205254
287,0.0439467
288,0.0143592
289,0.0474109
290,0.0243253
291,0.0512864
292,0.0141194
293,0.268894
294,0.175009
295,0.0124009
296,0.00888357
297,0.0183375
298,0.0109573
299,0.0124709
300,0.0256827
301,0.0294351
302,0.016465
303,0.0106377
304,0.147084
305,0.0139956
306,0.0414902
307,0.0158885
308,0.0114883
309,0.0242889
310,0.0263568
311,0.0238902
312,0.0144106
313,0.0263986
314,0.0797577
315,0.00988854
316,0.0374808
317,0.010701
318,0.0178864
319,0.0182266
320,0.0167189
321,0.0229744
322,0.0128529
323,0.139679
324,0.0135774
325,0.0135609
326,0.0104014
327,0.0167015
328,0.0927364
329,0.159522
330,0.0142121
331,0.0655564
332,0.0216625
333,0.0783264
334,0.0542422
335,0.199038
336,0.265889
337,0.216262
338,0.0141744
339,0.0299829
340,0.0134672
341,0.0147579
342,0.0137024
343,0.0176978
344,0.0120297
345,0.0978274
346,0.0517797
347,0.0135962
348,0.0112028
349,0.0497784
350,0.0544898
351,0.0118322
352,0.0172539
353,0.0189401
354,0.022594
355,0.207897
356,0.0278158
357,0.155808
358,0.0164934
359,0.208214
360,0.0691505
361,0.289992
362,0.01621
363,0.00891967
364,0.0112041
365,0.072576
366,0.0127153
367,0.00876277
368,0.00981659
369,0.0183925
370,0.00896481
371,0.021114
372,0.0148801
373,0.0126852
374,0.0136219
375,0.0121266
376,0.0124022
377,0.0176129
378,0.0237645
379,0.0127817
380,0.0182621
381,0.0117429
382,0.0114572
383,0.0112862
384,0.244575
385,0.01965
386,0.0116237
387,0.0627068
388,0.0213522
389,0.0128409
390,0.0176257
391,0.0127638
392,0.028758
393,0.0160003
394,0.0124706
395,0.0154672
396,0.0739552
397,0.00859476
398,0.0119489
399,0.152036
400,0.0120022
401,0.0123768
402,0.0934594
403,0.0179177
404,0.0278749
405,0.110508
406,0.0307751
407,0.013506
408,0.0100158
409,0.113129
410,0.0159898
411,0.0822639
412,0.204582
413,0.0785716
414,0.151122
415,0.224511
416,0.0206709
417,0.0185577
418,0.0191508
419,0.142995
420,0.0236863
421,0.216931
422,0.0156251
423,0.0317147
424,0.0180113
425,0.0163185
426,0.019742
427,0.0806786
428,0.0105891
429,0.0159509
430,0.0108394
431,0.0170905
432,0.0419836
433,0.0842377
434,0.0934319
435,0.0725669
436,0.267248
437,0.0136393
438,0.164674
439,0.196461
440,0.0260225
441,0.0194389
442,0.157519
443,0.0835276
444,0.0194822
445,0.0167789
446,0.0148589
447,0.144875
448,0.013283
449,0.0118286
450,0.138857
451,0.018238
452,0.0116965
453,0.0533343
454,0.0142181
455,0.0685186
456,0.0557082
457,0.00853977
458,0.0815896
459,0.0263324
460,0.0736723
461,0.06113
462,0.011952
463,0.017543
464,0.0773519
465,0.0505716
466,0.0508792
467,0.0112004
468,0.0103628
469,0.147665
470,0.021822
471,0.0185143
472,0.66101
473,0.0648635
474,0.374542
475,0.773709
476,0.0176356
477,0.0532494
478,0.00872453
479,0.0108977
480,0.016265
481,0.0542844
482,0.0209532
483,0.64868
484,0.0521139
485,0.0525437
486,0.0171416
487,0.0111179
488,0.0470895
489,0.0176247
490,0.0162231
491,0.288205
492,0.0100195
493,0.0124249
494,0.0188275
495,0.0130904
496,0.054805
497,0.0172854
498,0.0181443
499,0.739239
500,0.0162809
501,0.0646123
502,0.0558374
503,0.0524555
504,0.0212935
505,0.01412
506,0.0759453
507,0.0258146
508,0.0132314
509,0.0182876
510,0.01336
511,0.0742224
512,0.0181322
513,0.0163101
514,0.0135275
515,0.0175882
516,0.0838808
517,0.686141
518,0.0122975
519,0.0121708
520,0.371867
521,0.0124965
522,0.0866387
523,0.0828567
524,0.0148345
525,0.0118132
526,0.0164359
527,0.031182
528,0.0964219
529,0.0148626
530,0.0827937
531,0.198573
532,0.165702
533,0.0226071
534,0.0244329
535,0.0412777
536,0.0117955
537,0.148092
538,0.0130297
539,0.0135835
540,0.0976343
541,0.0244368
542,0.0130225
543,0.144793
544,0.0194142
545,0.0614439
546,0.0552353
547,0.0117333
548,0.0121339
549,0.0269103
550,0.0120085
551,0.146533
552,0.0148833
553,0.0359427
554,0.0337475
555,0.0146893
556,0.0119945
557,0.0154734
558,0.0145233
559,0.012419
560,0.0165069
561,0.0243653
562,0.0452459
563,0.212766
564,0.0256038
565,0.0494957
566,0.0168144
567,0.0467062
568,0.17834
569,0.281574
570,0.0267832
571,0.00952114
572,0.0104245
573,0.00950125
574,0.0103444
575,0.153138
576,0.142332
577,0.244328
578,0.0255839
579,0.306734
580,0.0123436
581,0.0192088
582,0.0144885
583,0.0236386
584,0.278776
585,0.0722476
586,0.0134235
587,0.168936
588,0.183098
589,0.0309726
590,0.0225366
591,0.0156898
592,0.0115329
593,0.0116139
594,0.0148252
595,0.0192567
596,0.0607839
597,0.0404566
598,0.554764
599,0.021746
600,0.0832062
601,0.0183193
602,0.0211663
603,0.0515664
604,0.0177596
605,0.0922184
606,0.0161877
607,0.248012
608,0.0950018
609,0.0805223
610,0.0107684
611,0.014796
612,0.021324
613,0.0845716
614,0.0229485
615,0.0716228
616,0.214486
617,0.0913591
618,0.0168066
619,0.0120953
620,0.0201692
621,0.0227213
622,0.0658774
623,0.349554
624,0.27723
625,0.0127609
626,0.268457
627,0.0125923
628,0.02873
629,0.0207304
630,0.0172223
631,0.0301453
632,0.0112649
633,0.0346396
634,0.017297
635,0.0166346
636,0.0251784
637,0.0217147
638,0.0607614
639,0.73994
640,0.0840373
641,0.00959971
642,0.0156945
643,0.958722
644,0.0202003
645,0.015489
646,0.039682
647,0.0166807
648,0.0682566
649,0.154778
650,0.0287657
651,0.0753689
652,0.0564974
653,0.014791
654,0.051206
655,0.0265709
656,0.00923122
657,0.0867811
658,0.157843
659,0.0177638
660,0.0497622
661,0.01801
662,0.00910544
663,0.0147737
664,0.0118345
665,0.0182556
666,0.0176802
667,0.150628
668,0.00917126
669,0.011005
670,0.081252
671,0.0565388
672,0.1568
673,0.0461996
674,0.0205457
675,0.0197104
676,0.0154399
677,0.0168117
678,0.0129935
679,0.0106502
680,0.0172586
681,0.0556364
682,0.0871859
683,0.0192818
684,0.00726808
685,0.0820882
686,0.0450176
687,0.0106965
688,0.0120624
689,0.0595367
690,0.115637
691,0.0462336
692,0.139996
693,0.0683197
694,0.0638842
695,0.014703
696,0.0536605
697,0.0157289
698,0.0157883
699,0.0151681
700,0.0148561
701,0.151878
702,0.0123334
703,0.0198127
704,0.327087
705,0.0761585
706,0.0131197
707,0.101333
708,0.0426381
709,0.0448941
710,0.0122821
711,0.0186021
712,0.0265365
713,0.142044
714,0.011734
715,0.0143763
716,0.0126578
717,0.0877048
718,0.0453109
719,0.00987752
720,0.0518509
721,0.0112863
722,0.0188051
723,0.280051
724,0.0615347
725,0.0767235
726,0.0229239
727,0.0745815
728,0.0257187
729,0.0114199
730,0.0166346
731,0.0849352
732,0.0157124
733,0.0122936
734,0.0125124
735,0.0146735
736,0.0118572
737,0.0147787
738,0.0131
739,0.0135141
740,0.195336
741,0.0828942
742,0.0167711
743,0.0148078
744,0.424323
745,0.0108474
746,0.0755102
747,0.211009
748,0.0491392
749,0.147535
750,0.0186031
751,0.0291412
752,0.0650418
753,0.0118594
754,0.0807083
755,0.0285391
756,0.15597
757,0.279313
758,0.0218247
759,0.0188655
760,0.045034
761,0.0158714
762,0.266683
763,0.0112274
764,0.0214599
765,0.0385028
766,0.00861531
767,0.058005
768,0.0802124
769,0.0229792
770,0.048186
771,0.612243
772,0.013913
773,0.0491721
774,0.0162857
775,0.019239
776,0.0129963
777,0.0715053
778,0.0368367
779,0.248422
780,0.0882047
781,0.0268216
782,0.563755
783,0.0630174
784,0.0106483
785,0.0152613
786,0.0194917
787,0.0786284
788,0.0150421
789,0.00801233
790,0.385649
791,0.0128976
792,0.0655871
793,0.264219
794,0.0515945
795,0.0112464
796,0.0223878
797,0.0162853
798,0.0161879
799,0.0120229
800,0.0123079
801,0.0147805
802,0.0142673
803,0.01419
804,0.0144325
805,0.02937
806,0.754484
807,0.0123809
808,0.0247977
809,0.704327
810,0.0230267
811,0.133864
812,0.151453
813,0.0142073
814,0.0745286
815,0.137066
816,0.012741
817,0.0157531
818,0.351589
819,0.0178899
820,0.0689232
821,0.693442
822,0.0176462
823,0.0111511
824,0.251087
825,0.020503
826,0.0595814
827,0.16201
828,0.163374
829,0.0714483
830,0.0621699
831,0.00957941
832,0.0592445
833,0.01365
834,0.0141174
835,0.0147633
836,0.0152743
837,0.0703911
838,0.0279551
839,0.00889496
840,0.0174391
841,0.0171292
842,0.0156403
843,0.0144142
844,0.0441334
845,0.0427541
846,0.103576
847,0.0142449
848,0.562536
849,0.025721
850,0.0333226
851,0.0613394
852,0.058225
853,0.542246
854,0.0218153
855,0.07622
856,0.0150726
857,0.0106306
858,0.0173865
859,0.01835
860,0.0229571
861,0.0168054
862,0.0158178
863,0.019077
864,0.010775
865,0.0118373
866,0.0211131
867,0.0100237
868,0.0105148
869,0.0130066
870,0.0426313
871,0.142547
872,0.0117503
873,0.667569
874,0.0152242
875,0.352907
876,0.0100057
877,0.351687
878,0.0515562
879,0.0293517
880,0.0083267
881,0.0348848
882,0.0461702
883,0.0178978
884,0.0171446
885,0.0255361
886,0.0191003
887,0.488972
888,0.0746933
889,0.00965586
890,0.024228
891,0.00867505
892,0.0669031
893,0.0161663
894,0.0599175
895,0.0817011
896,0.00849022
897,0.0120199
898,0.0112781
899,0.0794192
900,0.017954
901,0.0128252
902,0.0116777
903,0.0191942
904,0.0151222
905,0.0398111
906,0.0914894
907,0.0110705
908,0.0706999
909,0.0126783
910,0.0251361
911,0.0908729
912,0.0145305
913,0.0394117
914,0.499645
915,0.0127598
916,0.0623219
917,0.0149541
918,0.0157658
919,0.0670075
920,0.0651426
921,0.0149108
922,0.0809965
923,0.00998871
924,0.0120108
925,0.0156356
926,0.0186197
927,0.0158529
928,0.010758
929,0.00831334
930,0.171224
931,0.213855
932,0.0136132
933,0.171461
934,0.0154176
935,0.011606
936,0.00982847
937,0.0573547
938,0.0231575
939,0.0186159
940,0.0113467
941,0.023675
942,0.0961007
943,0.0101279
944,0.0596344
945,0.0171156
946,0.0174626
947,0.0271322
948,0.0850314
949,0.0145696
950,0.0518303
951,0.0365624
952,0.146491
953,0.0131
954,0.0154813
955,0.0215017
956,0.012305
957,0.0111243
958,0.056397
959,0.488508
960,0.0133006
961,0.0651066
962,0.0910413
963,0.13983
964,0.0895754
965,0.00765501
966,0.0163947
967,0.0460301
968,0.0276281
969,0.0208199
970,0.061707
971,0.0700398
972,0.0129172
973,0.0243666
974,0.0113381
975,0.0110211
976,0.0109633
977,0.0150742
978,0.052024
979,0.0158556
980,0.0148449
981,0.148887
982,0.23771
983,0.0185011
984,0.0831938
985,0.0517914
986,0.020782
987,0.0106568
988,0.0156031
989,0.429604
990,0.0160965
991,0.0105178
992,0.0166005
993,0.0168478
994,0.0187828
995,0.140103
996,0.0173731
997,0.0474918
998,0.0171955
999,0.0117157
1000,0.017007
1001,0.0129522
1002,0.0131306
1003,0.0203324
1004,0.138775
1005,0.0784527
1006,0.0283877
1007,0.0553167
1008,0.0397529
1009,0.0138758
1010,0.932938
1011,0.0142391
1012,0.0854882
1013,0.0477014
1014,0.0132888
1015,0.0188303
1016,0.0130984
1017,0.0203443
1018,0.0774823
1019,0.703858
1020,0.946256
1021,0.782132
1022,0.0123465
1023,0.0153624
1024,0.0500861
1025,0.0962425
1026,0.0116615
1027,0.0876628
1028,0.0107756
1029,0.0238536
1030,0.0139907
1031,0.0223749
1032,0.016853
1033,0.0238202
1034,0.0136053
1035,0.0472681
1036,0.0209563
1037,0.174448
1038,0.0121505
1039,0.742594
1040,0.0166873
1041,0.019526
1042,0.219645
1043,0.100313
1044,0.0111035
1045,0.0173202
1046,0.0280814
1047,0.0118143
1048,0.0264318
1049,0.0159606
1050,0.0131607
1051,0.00963907
1052,0.0182133
1053,0.00903908
1054,0.0449159
1055,0.0104627
1056,0.019251
1057,0.0132754
1058,0.0206162
1059,0.0205106
1060,0.0109436
1061,0.0152805
1062,0.0127764
1063,0.0176025
1064,0.0133585
1065,0.0126851
1066,0.0114125
1067,0.0104969
1068,0.0555251
1069,0.0409764
1070,0.158676
1071,0.00890744
1072,0.0242065
1073,0.0257145
1074,0.0666786
1075,0.368541
1076,0.0684888
1077,0.0131657
1078,0.0633064
1079,0.161956
1080,0.0135465
1081,0.138064
1082,0.0133711
1083,0.0249448
1084,0.0239447
1085,0.0199428
1086,0.0163052
1087,0.016304
1088,0.0218688
1089,0.0151082
1090,0.269234
1091,0.0220062
1092,0.0916618
1093,0.0217771
1094,0.154652
1095,0.0155554
1096,0.0237098
1097,0.0803739
1098,0.00896063
1099,0.54094
1100,0.0491275
1101,0.0240635
1102,0.0359682
1103,0.0710777
1104,0.158766
1105,0.0225077
1106,0.0159912
1107,0.145199
1108,0.00970275
1109,0.142825
1110,0.305567
1111,0.0501847
1112,0.0232576
1113,0.00951556
1114,0.0144884
1115,0.0220647
1116,0.0103668
1117,0.0166113
1118,0.0131763
1119,0.0238953
1120,0.0765619
1121,0.0424927
1122,0.0288452
1123,0.153961
1124,0.0285521
1125,0.0118184
1126,0.0112792
1127,0.0100575
1128,0.279263
1129,0.011733
1130,0.0329714
1131,0.00870297
1132,0.0743497
1133,0.0124698
1134,0.0167338
1135,0.0164961
1136,0.222626
1137,0.00922398
1138,0.0140887
1139,0.0126709
1140,0.0388812
1141,0.528099
1142,0.0774493
1143,0.0122087
1144,0.0681526
1145,0.0280192
1146,0.0430937
1147,0.0163964
1148,0.0144634
1149,0.0129798
1150,0.278862
1151,0.0138713
1152,0.013818
1153,0.0591679
1154,0.0116515
1155,0.0194727
1156,0.0899896
1157,0.0189919
1158,0.00915125
1159,0.0742053
1160,0.0108318
1161,0.0309958
1162,0.305727
1163,0.146366
1164,0.00987591
1165,0.0113775
1166,0.0554426
1167,0.0409145
1168,0.0848681
1169,0.0164144
1170,0.0153132
1171,0.0137366
1172,0.00752659
1173,0.0210312
1174,0.0275107
1175,0.0320646
1176,0.254042
1177,0.0387973
1178,0.14198
1179,0.0500465
1180,0.0199363
1181,0.00933878
1182,0.00856176
1183,0.0175991
1184,0.019153
1185,0.0141798
1186,0.105137
1187,0.0824505
1188,0.0405956
1189,0.0138091
1190,0.0173848
1191,0.0801929
1192,0.0139714
1193,0.021174
1194,0.0582147
1195,0.262682
1196,0.0561378
1197,0.0615629
1198,0.0106344
1199,0.060512
1200,0.355018
1201,0.0119068
1202,0.0855314
1203,0.0182188
1204,0.0176788
1205,0.0182766
1206,0.0528729
1207,0.0164592
1208,0.0157314
1209,0.153637
1210,0.948896
1211,0.00988125
1212,0.0207312
1213,0.0759964
1214,0.00930376
1215,0.0118356
1216,0.0103211
1217,0.0889622
1218,0.105308
1219,0.480016
1220,0.264393
1221,0.0166426
1222,0.0479661
1223,0.0165903
1224,0.0892433
1225,0.0143904
1226,0.192238
1227,0.0148941
1228,0.0114087
1229,0.0922242
1230,0.0989481
1231,0.272657
1232,0.142477
1233,0.0247207
1234,0.29236
1235,0.0674019
1236,0.0114455
1237,0.285288
1238,0.0659729
1239,0.0167958
1240,0.031371
1241,0.0575065
1242,0.0181713
1243,0.3094
1244,0.019232
1245,0.082281
1246,0.0487675
1247,0.00802756
1248,0.0255898
1249,0.0153395
1250,0.0421408
1251,0.0158521
1252,0.0201386
1253,0.0545996
1254,0.0975901
1255,0.362646
1256,0.0157432
1257,0.0172225
1258,0.143293
1259,0.0187117
1260,0.0151226
1261,0.0140416
1262,0.0130749
1263,0.0245746
1264,0.0246469
1265,0.0150047
1266,0.0193392
1267,0.00913355
1268,0.0168361
1269,0.0196142
1270,0.0222621
1271,0.0220367
1272,0.0233118
1273,0.161151
1274,0.0109598
1275,0.0111494
1276,0.00704104
1277,0.0123466
1278,0.0194553
1279,0.0694827
1280,0.0182388
1281,0.014229
1282,0.012281
1283,0.0310179
1284,0.0171271
1285,0.0253031
1286,0.0519745
1287,0.0125054
1288,0.172754
1289,0.0139401
1290,0.0489584
1291,0.0162542
1292,0.0256815
1293,0.27184
1294,0.150513
1295,0.0214062
1296,0.0829512
1297,0.378277
1298,0.0105011
1299,0.0133132
1300,0.0193659
1301,0.156305
1302,0.0150177
1303,0.0762659
1304,0.0810011
1305,0.0148181
1306,0.0116478
1307,0.0290605
1308,0.021705
1309,0.148177
1310,0.15745
1311,0.0835358
1312,0.0121661
1313,0.0154768
1314,0.0124286
1315,0.277408
1316,0.0159259
1317,0.0956548
1318,0.0579364
1319,0.0491846
1320,0.0107121
1321,0.0240107
1322,0.0260181
1323,0.0153279
1324,0.14815
1325,0.0513407
1326,0.0106309
1327,0.0219121
1328,0.152764
1329,0.0811006
1330,0.0934796
1331,0.173631
1332,0.016145
1333,0.0221051
1334,0.0481886
1335,0.0165328
1336,0.0544223
1337,0.0660208
1338,0.067282
1339,0.00861083
1340,0.0251725
1341,0.0210943
1342,0.0599192
1343,0.139899
1344,0.306947
1345,0.0210763
1346,0.0352675
1347,0.0988166
1348,0.0215181
1349,0.0342677
1350,0.0495213
1351,0.0172805
1352,0.036608
1353,0.350803
1354,0.0392309
1355,0.0118424
1356,0.0631947
1357,0.0246593
1358,0.0145165
1359,0.0438703
1360,0.0743606
1361,0.0403893
1362,0.0252764
1363,0.0546396
1364,0.0180678
1365,0.0141267
1366,0.252466
1367,0.0148751
1368,0.167475
1369,0.0138706
1370,0.017632
1371,0.0517648
1372,0.00810284
1373,0.00989357
1374,0.007406
1375,0.0241851
1376,0.0245149
1377,0.019117
1378,0.0111099
1379,0.0133505
1380,0.209986
1381,0.0151635
1382,0.0172505
1383,0.288262
1384,0.0578793
1385,0.0122297
1386,0.048079
1387,0.0733892
1388,0.183379
1389,0.0336938
1390,0.0120995
1391,0.0219687
1392,0.0151913
1393,0.0318253
1394,0.0871488
1395,0.0574821
1396,0.0614494
1397,0.0175257
1398,0.0108614
1399,0.0253803
1400,0.0238708
1401,0.0156526
1402,0.0131929
1403,0.0241442
1404,0.0116511
1405,0.022195
1406,0.0136118
1407,0.0162184
1408,0.0390955
1409,0.0597852
1410,0.0724536
1411,0.00746363
1412,0.0443222
1413,0.535827
1414,0.0488747
1415,0.0156551
1416,0.0143743
1417,0.014932
1418,0.0294339
1419,0.0640056
1420,0.0178988
1421,0.0112108
1422,0.0136448
1423,0.0123129
1424,0.0238595
1425,0.0152744
1426,0.0617688
1427,0.0180408
1428,0.143999
1429,0.0148872
1430,0.0658941
1431,0.0170546
1432,0.021288
1433,0.012686
1434,0.0400967
1435,0.00733632
1436,0.010276
1437,0.00868442
1438,0.0263888
1439,0.0219923
1440,0.0147046
1441,0.0228178
1442,0.293525
1443,0.433589
1444,0.0105505
1445,0.0114274
1446,0.0204554
1447,0.146857
1448,0.00868031
1449,0.0672818
1450,0.0488883
1451,0.0283962
1452,0.0791298
1453,0.0150009
1454,0.150361
1455,0.216029
1456,0.15591
1457,0.0846252
1458,0.0230923
1459,0.0107897
1460,0.0180942
1461,0.0103522
1462,0.0144625
1463,0.0184629
1464,0.161377
1465,0.211296
1466,0.014836
1467,0.0123794
1468,0.0495978
1469,0.0151405
1470,0.0240034
1471,0.0608985
1472,0.0226723
1473,0.0124647
1474,0.0109582
1475,0.144834
1476,0.0159737
1477,0.299347
1478,0.0553184
1479,0.0148686
1480,0.0271195
1481,0.033722
1482,0.0753739
1483,0.0952293
1484,0.0803395
1485,0.0936757
1486,0.0128826
1487,0.00806752
1488,0.0126595
1489,0.0788586
1490,0.0119092
1491,0.0135708
1492,0.0250702
1493,0.0116096
1494,0.133885
1495,0.0489064
1496,0.0238478
1497,0.0152108
1498,0.019551
1499,0.0114578
1500,0.012312
1501,0.0297342
1502,0.147322
1503,0.0156531
1504,0.0135636
1505,0.0669198
1506,0.0812394
1507,0.012515
1508,0.0728194
1509,0.0105411
1510,0.0365602
1511,0.25987
1512,0.0421177
1513,0.08837
1514,0.0350142
1515,0.350675
1516,0.0105083
1517,0.0596982
1518,0.0126631
1519,0.0175501
1520,0.0163591
1521,0.266061
1522,0.0420618
1523,0.0377707
1524,0.0446043
1525,0.0164741
1526,0.0100674
1527,0.0138461
1528,0.0592291
1529,0.0171233
1530,0.0213477
1531,0.0192019
1532,0.00946881
1533,0.0545941
1534,0.0705009
1535,0.559598
1536,0.0740662
1537,0.0123452
1538,0.228512
1539,0.275621
1540,0.00924742
1541,0.0159191
1542,0.0772931
1543,0.0842491
1544,0.304458
1545,0.0505837
1546,0.0167305
1547,0.198027
1548,0.148804
1549,0.0126932
1550,0.0228423
1551,0.273826
1552,0.189578
1553,0.0891009
1554,0.0141674
1555,0.0556267
1556,0.0113874
1557,0.0769036
1558,0.0190127
1559,0.0136354
1560,0.0139911
1561,0.155364
1562,0.0500732
1563,0.011218
1564,0.0193818
1565,0.035514
1566,0.015296
1567,0.149086
1568,0.0590362
1569,0.00990164
1570,0.579751
1571,0.0380887
1572,0.30407
1573,0.0296805
1574,0.0169697
1575,0.548304
1576,0.0803278
1577,0.0118861
1578,0.0239229
1579,0.0834713
1580,0.0161559
1581,0.0671314
1582,0.0156379
1583,0.0104095
1584,0.31961
1585,0.0677118
1586,0.0122508
1587,0.0153763
1588,0.0129003
1589,0.0609394
1590,0.524145
1591,0.0301028
1592,0.0148838
1593,0.0233267
1594,0.0868708
1595,0.010061
1596,0.0405175
1597,0.0191666
1598,0.0143258
1599,0.0552256
1600,0.0156522
1601,0.0688044
1602,0.0236308
1603,0.014015
1604,0.0163459
1605,0.0609762
1606,0.0129247
1607,0.0186273
1608,0.0666729
1609,0.113567
1610,0.0135176
1611,0.0124046
1612,0.0359521
1613,0.0240697
1614,0.0391244
1615,0.0160172
1616,0.266558
1617,0.0119609
1618,0.0156965
1619,0.0118671
1620,0.0115433
1621,0.0127077
1622,0.0202085
1623,0.0435799
1624,0.0892933
1625,0.234077
1626,0.149539
1627,0.0790748
1628,0.0115755
1629,0.052127
1630,0.0160576
1631,0.0777289
1632,0.0184825
1633,0.0110865
1634,0.0343461
1635,0.0145197
1636,0.0108047
1637,0.0102574
1638,0.0112368
1639,0.0412427
1640,0.143906
1641,0.0181944
1642,0.0189896
1643,0.0151446
1644,0.14681
1645,0.0193069
1646,0.149082
1647,0.0161113
1648,0.0343135
1649,0.0612313
1650,0.0161252
1651,0.013543
1652,0.0214075
1653,0.0170839
1654,0.00980289
1655,0.0179979
1656,0.0815638
1657,0.195334
1658,0.191995
1659,0.059484
1660,0.0275259
1661,0.0283605
1662,0.0195875
1663,0.0166444
1664,0.0197512
1665,0.016586
1666,0.0136168
1667,0.0716224
1668,0.0938514
1669,0.0125266
1670,0.183468
1671,0.0719043
1672,0.0138393
1673,0.0156773
1674,0.0120138
1675,0.0506138
1676,0.137659
1677,0.0250461
1678,0.37087
1679,0.014365
1680,0.0103974
1681,0.132879
1682,0.0157166
1683,0.0115165
1684,0.0193033
1685,0.0337297
1686,0.0108933
1687,0.0821653
1688,0.0140207
1689,0.0118103
1690,0.0740299
1691,0.0141651
1692,0.00795975
1693,0.0392166
1694,0.0596072
1695,0.0259582
1696,0.0505532
1697,0.0879439
1698,0.0844392
1699,0.0148306
1700,0.0118022
1701,0.0144366
1702,0.027729
1703,0.0139088
1704,0.0222832
1705,0.0141776
1706,0.169217
1707,0.0877751
1708,0.0472401
1709,0.0172224
1710,0.551022
1711,0.0760449
1712,0.0147684
1713,0.00967296
1714,0.0402884
1715,0.368977
1716,0.309377
1717,0.0105316
1718,0.0200821
1719,0.0135821
1720,0.10836
1721,0.104828
1722,0.170776
1723,0.0159119
1724,0.0156145
1725,0.0148542
1726,0.196803
1727,0.527456
1728,0.0496027
1729,0.0128185
1730,0.0144972
1731,0.0135615
1732,0.21453
1733,0.107082
1734,0.0108978
1735,0.0143302
1736,0.0137774
1737,0.184957
1738,0.0120471
1739,0.0626539
1740,0.0136851
1741,0.0865655
1742,0.0202589
1743,0.0201594
1744,0.0827082
1745,0.0613028
1746,0.0802873
1747,0.039867
1748,0.0108475
1749,0.0127212
1750,0.0588925
1751,0.0174373
1752,0.0232952
1753,0.0113866
1754,0.628975
1755,0.0187216
1756,0.0234995
1757,0.0384419
1758,0.0136202
1759,0.0895008
1760,0.0107243
1761,0.0756257
1762,0.0246293
1763,0.0115738
1764,0.00996489
1765,0.0147313
1766,0.0199602
1767,0.0110076
1768,0.0200293
1769,0.0150126
1770,0.0233849
1771,0.0104633
1772,0.0502053
1773,0.197808
1774,0.0358992
1775,0.0758888
1776,0.0214334
1777,0.0963725
1778,0.0127687
1779,0.171459
1780,0.0114182
1781,0.0114993
1782,0.0188097
1783,0.0679682
1784,0.0093933
1785,0.0283579
1786,0.0503254
1787,0.0761876
1788,0.0149841
1789,0.0167472
1790,0.0183766
1791,0.062018
1792,0.0156104
1793,0.0177301
1794,0.0206478
1795,0.0127152
1796,0.0139525
1797,0.0111401
1798,0.0258274
1799,0.275658
1800,0.203259
1801,0.0132494
1802,0.0307009
1803,0.0153036
1804,0.0620754
1805,0.0265759
1806,0.104474
1807,0.0119715
1808,0.0203596
1809,0.0147699
1810,0.01317
1811,0.0136724
1812,0.506174
1813,0.0484716
1814,0.0117803
1815,0.203043
1816,0.019322
1817,0.11422
1818,0.724118
1819,0.246245
1820,0.0949226
1821,0.0169459
1822,0.0105481
1823,0.932893
1824,0.0230804
1825,0.0102397
1826,0.014423
1827,0.00974503
1828,0.00979067
1829,0.143304
1830,0.0431722
1831,0.0751611
1832,0.00809174
1833,0.0574197
1834,0.0234722
1835,0.0142031
1836,0.0104307
1837,0.106187
1838,0.00935484
1839,0.0542799
1840,0.0203846
1841,0.0113381
1842,0.101735
1843,0.103396
1844,0.305125
1845,0.0153627
1846,0.0217073
1847,0.00872061
1848,0.377509
1849,0.0116967
1850,0.0117028
1851,0.0547206
1852,0.0167591
1853,0.0182259
1854,0.078061
1855,0.0132648
1856,0.1514
1857,0.157028
1858,0.790912
1859,0.0682157
1860,0.0428105
1861,0.0171131
1862,0.142683
1863,0.0101792
1864,0.0164073
1865,0.0190835
1866,0.145718
1867,0.0172804
1868,0.0620256
1869,0.0149607
1870,0.698737
1871,0.249174
1872,0.0517728
1873,0.0233591
1874,0.0688773
1875,0.254052
1876,0.017949
1877,0.0666853
1878,0.0414487
1879,0.0167194
1880,0.0247756
1881,0.0212728
1882,0.0153931
1883,0.0511739
1884,0.0742946
1885,0.0880382
1886,0.012165
1887,0.0120031
1888,0.162715
1889,0.033972
1890,0.0133224
1891,0.0392491
1892,0.0537053
1893,0.0767853
1894,0.0206009
1895,0.0125453
1896,0.0172705
1897,0.0448084
1898,0.00794842
1899,0.0154821
1900,0.0323622
1901,0.0132512
1902,0.0539714
1903,0.0542543
1904,0.162379
1905,0.0123648
1906,0.0125809
1907,0.0937605
1908,0.208569
1909,0.0262155
1910,0.0523693
1911,0.168578
1912,0.017546
1913,0.0352637
1914,0.0651695
1915,0.161183
1916,0.0122115
1917,0.0114596
1918,0.0365426
1919,0.205291
1920,0.0177371
1921,0.143711
1922,0.0360356
1923,0.0104886
1924,0.00769088
1925,0.0428936
1926,0.0550558
1927,0.0958168
1928,0.0138787
1929,0.0150216
1930,0.0173908
1931,0.0441764
1932,0.0226244
1933,0.0274963
1934,0.0107563
1935,0.152314
1936,0.0126964
1937,0.0601702
1938,0.0210895
1939,0.0166257
1940,0.0118587
1941,0.0120369
1942,0.226148
1943,0.0184249
1944,0.0192555
1945,0.0335638
1946,0.0161223
1947,0.551612
1948,0.0148911
1949,0.0134296
1950,0.014682
1951,0.0118086
1952,0.260401
1953,0.00872419
1954,0.0131667
1955,0.309562
1956,0.236794
1957,0.0184976
1958,0.00723301
1959,0.268986
1960,0.0103234
1961,0.070377
1962,0.0767599
1963,0.0162696
1964,0.0207423
1965,0.0145928
1966,0.0120197
1967,0.0197572
1968,0.015015
1969,0.0284995
1970,0.0708601
1971,0.0883763
1972,0.0291777
1973,0.0296686
1974,0.0107024
1975,0.0173543
1976,0.0895294
1977,0.012468
1978,0.0187156
1979,0.043323
1980,0.0190013
1981,0.0669016
1982,0.00862499
1983,0.0159028
1984,0.0192558
1985,0.0135935
1986,0.0763478
1987,0.0986683
1988,0.0980105
1989,0.157489
1990,0.181363
1991,0.0131808
1992,0.019453
1993,0.273793
1994,0.0128645
1995,0.0345396
1996,0.197055
1997,0.0576521
1998,0.676781
1999,0.0208886
2000,0.13586
2001,0.0130433
2002,0.0125657
2003,0.0706024
2004,0.0145269
2005,0.0894386
2006,0.0189623
2007,0.0614867
2008,0.141657
2009,0.0103192
2010,0.321189
2011,0.0107662
2012,0.0133918
2013,0.0195071
2014,0.0844121
2015,0.0191829
2016,0.0109672
2017,0.100712
2018,0.0123739
2019,0.0292159
2020,0.227124
2021,0.0131998
2022,0.0528569
2023,0.028323
2024,0.022476
2025,0.0152869
2026,0.0314527
2027,0.0139768
2028,0.0877244
2029,0.0654871
2030,0.140616
2031,0.00900688
2032,0.090802
2033,0.0115298
2034,0.0145845
2035,0.0160914
2036,0.0154688
2037,0.0121802
2038,0.0126547
2039,0.498808
2040,0.0704708
2041,0.0150154
2042,0.0942529
2043,0.00876192
2044,0.0119682
2045,0.096045
2046,0.0120137
2047,0.0194803
2048,0.0095801
2049,0.745472
2050,0.0110594
2051,0.0575701
2052,0.0126453
2053,0.0319542
2054,0.0602774
2055,0.0109321
2056,0.0223832
2057,0.0100751
2058,0.0119922
2059,0.0262205
2060,0.0180087
2061,0.0711307
2062,0.0103487
2063,0.0573888
2064,0.0113304
2065,0.0125327
2066,0.0251682
2067,0.00993944
2068,0.00840469
2069,0.0390592
2070,0.0119673
2071,0.0190514
2072,0.0184889
2073,0.0184943
2074,0.0232312
2075,0.0140257
2076,0.0264171
2077,0.0194038
2078,0.224461
2079,0.0710756
2080,0.0726707
2081,0.0831823
2082,0.0119044
2083,0.0145853
2084,0.0237271
2085,0.0649138
2086,0.0249871
2087,0.0877258
2088,0.0117389
2089,0.0954351
2090,0.0274419
2091,0.486599
2092,0.014907
2093,0.0180796
2094,0.0454191
2095,0.0753831
2096,0.0206383
2097,0.125461
2098,0.0711396
2099,0.0933739
2100,0.0108917
2101,0.0646303
2102,0.0803999
2103,0.269509
2104,0.00978445
2105,0.0591365
2106,0.0175999
2107,0.0127503
2108,0.0160299
2109,0.0156289
2110,0.0405254
2111,0.0991074
2112,0.0100742
2113,0.0543444
2114,0.0104248
2115,0.0776814
2116,0.0144683
2117,0.00975105
2118,0.0169179
2119,0.0505576
2120,0.0215433
2121,0.0121963
2122,0.0599684
2123,0.0892192
2124,0.00980341
2125,0.149954
2126,0.305502
2127,0.0110369
2128,0.0219582
2129,0.0900299
2130,0.183085
2131,0.0457656
2132,0.0104118
2133,0.0505124
2134,0.0102309
2135,0.0614268
2136,0.189933
2137,0.166373
2138,0.0113049
2139,0.0164336
2140,0.0214713
2141,0.0150388
2142,0.0138121
2143,0.00957697
2144,0.0174616
2145,0.168681
2146,0.0432844
2147,0.0117596
2148,0.156891
2149,0.0325048
2150,0.0082745
2151,0.694155
2152,0.0591339
2153,0.0109252
2154,0.01238
2155,0.0146892
2156,0.0133203
2157,0.144078
2158,0.0480967
2159,0.129788
2160,0.0123218
2161,0.0179746
2162,0.0120288
2163,0.0279074
2164,0.0570705
2165,0.0120246
2166,0.0104815
2167,0.0141133
2168,0.0199773
2169,0.0165806
2170,0.0177468
2171,0.0172952
2172,0.00597279
2173,0.0456094
2174,0.0148612
2175,0.0728973
2176,0.037272
2177,0.0657119
2178,0.014964
2179,0.00840588
2180,0.0180895
2181,0.0160911
2182,0.012826
2183,0.147232
2184,0.0527814
2185,0.0941178
2186,0.0127591
2187,0.0131033
2188,0.302231
2189,0.102773
2190,0.161804
2191,0.0182231
2192,0.19356
2193,0.0309581
2194,0.0149435
2195,0.0519413
2196,0.0125809
2197,0.0209695
2198,0.0146363
2199,0.0394822
2200,0.0234764
2201,0.0274698
2202,0.00927374
2203,0.077044
2204,0.157507
2205,0.013942
2206,0.0618604
2207,0.0127766
2208,0.0168128
2209,0.327212
2210,0.0203956
2211,0.0124393
2212,0.0122262
2213,0.048205
2214,0.0124543
2215,0.00987151
2216,0.313774
2217,0.0217333
2218,0.309383
2219,0.030034
2220,0.153107
2221,0.0213673
2222,0.0197378
2223,0.0697788
2224,0.075051
2225,0.110778
2226,0.00990389
2227,0.163594
2228,0.00799006
2229,0.0396356
2230,0.0946644
2231,0.0327376
2232,0.0607553
2233,0.278269
2234,0.00864599
2235,0.0891303
2236,0.015202
2237,0.0516361
2238,0.092318
2239,0.0121671
2240,0.0132643
2241,0.0228514
2242,0.00920428
2243,0.195447
2244,0.0130103
2245,0.0147425
2246,0.0454528
2247,0.767932
2248,0.14891
2249,0.0838696
2250,0.00880936
2251,0.0201285
2252,0.0123316
2253,0.00981165
2254,0.00812107
2255,0.0182718
2256,0.177052
2257,0.269391
2258,0.0101105
2259,0.334137
2260,0.0572966
2261,0.0757845
2262,0.26369
2263,0.109509
2264,0.0171972
2265,0.10029
2266,0.0724843
2267,0.161699
2268,0.013596
2269,0.0132707
2270,0.0803526
2271,0.175131
2272,0.0143586
2273,0.0159425
2274,0.0182385
2275,0.0100383
2276,0.04089
2277,0.0141289
2278,0.0187945
2279,0.0202983
2280,0.259392
2281,0.0130809
2282,0.0234918
2283,0.319922
2284,0.0215429
2285,0.0834821
2286,0.0109077
2287,0.0147166
2288,0.0712525
2289,0.0141367
2290,0.0163273
2291,0.00732181
2292,0.0662678
2293,0.00980852
2294,0.0149875
2295,0.0304777
2296,0.0102964
2297,0.0480521
2298,0.0198652
2299,0.0294712
2300,0.0255878
2301,0.0132135
2302,0.0126031
2303,0.0123506
2304,0.0622757
2305,0.0568675
2306,0.0280399
2307,0.010592
2308,0.0779366
2309,0.020163
2310,0.138267
2311,0.0514474
2312,0.026787
2313,0.0100386
2314,0.0229055
2315,0.0168009
2316,0.12156
2317,0.143258
2318,0.0146983
2319,0.015773
2320,0.205012
2321,0.222191
2322,0.0156916
2323,0.0226758
2324,0.0246083
2325,0.0148859
2326,0.0153984
2327,0.0587823
2328,0.0151776
2329,0.0794614
2330,0.0167489
2331,0.0409565
2332,0.0168375
2333,0.0155592
2334,0.080769
2335,0.00903113
2336,0.042499
2337,0.068707
2338,0.0129244
2339,0.0130613
2340,0.0269855
2341,0.0633822
2342,0.0874127
2343,0.0880644
2344,0.00969071
2345,0.306996
2346,0.0509347
2347,0.0136895
2348,0.0171888
2349,0.016471
2350,0.0140338
2351,0.148649
2352,0.0167488
2353,0.0102605
2354,0.0939705
2355,0.0126868
2356,0.021544
2357,0.013984
2358,0.0133264
2359,0.0398375
2360,0.0588784
2361,0.0926488
2362,0.0639794
2363,0.0633
2364,0.00848605
2365,0.0139375
2366,0.179915
2367,0.0162752
2368,0.0520215
2369,0.189306
2370,0.0114189
2371,0.0336207
2372,0.0167001
2373,0.0176191
2374,0.142357
2375,0.0886802
2376,0.0145043
2377,0.0128065
2378,0.0147169
2379,0.27287
2380,0.0117656
2381,0.149127
2382,0.0124335
2383,0.0347436
2384,0.058435
2385,0.429882
2386,0.0163846
2387,0.0239948
2388,0.0971417
2389,0.0106648
2390,0.0137692
2391,0.302839
2392,0.00916152
2393,0.0116918
2394,0.0234564
2395,0.0174381
2396,0.0214382
2397,0.0553245
2398,0.0161372
2399,0.284893
2400,0.0964276
2401,0.0849901
2402,0.444906
2403,0.0141003
2404,0.149283
2405,0.0110288
2406,0.0115927
2407,0.0152345
2408,0.0116349
2409,0.0994527
2410,0.0110175
2411,0.0134381
2412,0.0735294
2413,0.0129147
2414,0.0444169
2415,0.0146158
2416,0.307018
2417,0.0253844
2418,0.0181722
2419,0.153558
2420,0.0977544
2421,0.0135308
2422,0.0197351
2423,0.0141934
2424,0.00991453
2425,0.0120503
2426,0.0219423
2427,0.0887732
2428,0.0178981
2429,0.0541575
2430,0.100105
2431,0.158171
2432,0.0210831
2433,0.212215
2434,0.011676
2435,0.0181338
2436,0.143425
2437,0.0157333
2438,0.0202684
2439,0.0145655
2440,0.24536
2441,0.282313
2442,0.0184709
2443,0.152893
2444,0.385698
2445,0.0264799
2446,0.0164179
2447,0.0141188
2448,0.0527886
2449,0.0772512
2450,0.0169524
2451,0.0147627
2452,0.0829639
2453,0.0561905
2454,0.0159474
2455,0.0279697
2456,0.0823649
2457,0.0865839
2458,0.0190404
2459,0.0747769
2460,0.0108488
2461,0.0617512
2462,0.0167279
2463,0.0294214
2464,0.0211776
2465,0.00974372
2466,0.0165121
2467,0.01078
2468,0.0618779
2469,0.0173139
2470,0.0217218
2471,0.00840793
2472,0.02505
2473,0.0104404
2474,0.255155
2475,0.296668
2476,0.0175007
2477,0.00872641
2478,0.013116
2479,0.062967
2480,0.0146548
2481,0.0106612
2482,0.014971
2483,0.0106791
2484,0.0164799
2485,0.0425051
2486,0.2725
2487,0.0161332
2488,0.0224474
2489,0.0682708
2490,0.0235026
2491,0.0579054
2492,0.0187019
2493,0.0140682
2494,0.0897869
2495,0.0150206
2496,0.25377
2497,0.0128978
2498,0.389865
2499,0.181881
2500,0.0118379
2501,0.0586985
2502,0.0915658
2503,0.0208637
2504,0.253238
2505,0.0139537
2506,0.0594291
2507,0.0407386
2508,0.0124765
2509,0.0164165
2510,0.0673297
2511,0.010132
2512,0.0154122
2513,0.0220164
2514,0.10727
2515,0.0474867
2516,0.0142756
2517,0.0382236
2518,0.091195
2519,0.00820947
2520,0.0489226
2521,0.0190981
2522,0.0141673
2523,0.0146268
2524,0.0172652
2525,0.278692
2526,0.011787
2527,0.00940215
2528,0.0118468
2529,0.010911
2530,0.367299
2531,0.0836687
2532,0.0144232
2533,0.0130628
2534,0.0540298
2535,0.0482053
2536,0.0173037
2537,0.00889887
2538,0.403215
2539,0.0913305
2540,0.042942
2541,0.0526737
2542,0.0195667
2543,0.0126248
2544,0.0102906
2545,0.0161709
2546,0.0565326
2547,0.0196759
2548,0.0252806
2549,0.0130049
2550,0.0134159
2551,0.0291213
2552,0.0950404
2553,0.700358
2554,0.0260965
2555,0.0264033
2556,0.0092312
2557,0.0165514
2558,0.0160268
2559,0.0136731
2560,0.0742352
2561,0.0999457
2562,0.0150442
2563,0.0891774
2564,0.0183239
2565,0.0118585
2566,0.0143848
2567,0.0125735
2568,0.0153856
2569,0.0294799
2570,0.103736
2571,0.0131154
2572,0.0161345
2573,0.0129949
2574,0.0109663
2575,0.0388656
2576,0.00891149
2577,0.0382983
2578,0.14669
2579,0.0100141
2580,0.156181
2581,0.0109214
2582,0.015634
2583,0.139496
2584,0.0481152
2585,0.0141033
2586,0.0982478
2587,0.0709227
2588,0.0995147
2589,0.293637
2590,0.010643
2591,0.0505827
2592,0.0102443
2593,0.0161332
2594,0.159896
2595,0.0208567
2596,0.0163822
2597,0.028116
2598,0.0679032
2599,0.02424
2600,0.0786565
2601,0.148031
2602,0.062655
2603,0.0103874
2604,0.018525
2605,0.00907699
2606,0.0484237
2607,0.0140267
2608,0.0272708
2609,0.0184823
2610,0.172393
2611,0.07916
2612,0.0217655
2613,0.23305
2614,0.0129295
2615,0.013239
2616,0.141672
2617,0.049318
2618,0.0094141
2619,0.0164592
2620,0.0110921
2621,0.089647
2622,0.271198
2623,0.0523561
2624,0.0199691
2625,0.149664
2626,0.022809
2627,0.0932896
2628,0.444951
2629,0.0115739
2630,0.0123469
2631,0.0118456
2632,0.0147363
2633,0.0163499
2634,0.0231305
2635,0.0385929
2636,0.0605531
2637,0.0128103
2638,0.0198028
2639,0.00872747
2640,0.0102494
2641,0.0104851
2642,0.0771907
2643,0.0163659
2644,0.15464
2645,0.0151235
2646,0.00957689
2647,0.0915432
2648,0.015026
2649,0.0178505
2650,0.318636
2651,0.0142577
2652,0.00769736
2653,0.0193997
2654,0.0186857
2655,0.011357
2656,0.0114739
2657,0.0136165
2658,0.217177
2659,0.00993493
2660,0.0182544
2661,0.010552
2662,0.525978
2663,0.023951
2664,0.00997598
2665,0.0117235
2666,0.0208554
2667,0.044683
2668,0.0642928
2669,0.0130806
2670,0.00724078
2671,0.0334776
2672,0.011463
2673,0.0153435
2674,0.195658
2675,0.0153864
2676,0.0964378
2677,0.0518744
2678,0.0134183
2679,0.0120603
2680,0.378475
2681,0.101657
2682,0.00889911
2683,0.0133908
2684,0.0205685
2685,0.0127922
2686,0.0143199
2687,0.16553
2688,0.162606
2689,0.0132395
2690,0.00985106
2691,0.010708
2692,0.107022
2693,0.00873851
2694,0.00647087
2695,0.0249268
2696,0.023841
2697,0.0897659
2698,0.0139228
2699,0.0693539
2700,0.046304
2701,0.0138122
2702,0.0326691
2703,0.17232
2704,0.278238
2705,0.013536
2706,0.0479593
2707,0.0535754
2708,0.0139824
2709,0.0433983
2710,0.011409
2711,0.174417
2712,0.0140126
2713,0.0181892
2714,0.0156498
2715,0.0136244
2716,0.0239845
2717,0.0107591
2718,0.0443241
2719,0.00869643
2720,0.0128226
2721,0.0354528
2722,0.0181805
2723,0.0126494
2724,0.0142977
2725,0.0161263
2726,0.0437834
2727,0.0188051
2728,0.0134388
2729,0.052924
2730,0.0497311
2731,0.058939
2732,0.0568435
2733,0.0241971
2734,0.153935
2735,0.0224196
2736,0.0219591
2737,0.0154365
2738,0.0340844
2739,0.0168584
2740,0.0595658
2741,0.0127878
2742,0.164305
2743,0.0729273
2744,0.0194576
2745,0.0113502
2746,0.0101016
2747,0.0112123
2748,0.0185244
2749,0.0205951
2750,0.0159006
2751,0.0148361
2752,0.030198
2753,0.0271564
2754,0.0638907
2755,0.0632445
2756,0.0302417
2757,0.0132169
2758,0.0798021
2759,0.0242047
2760,0.0950379
2761,0.0178895
2762,0.0150141
2763,0.0278622
2764,0.0370765
2765,0.00875838
2766,0.0171481
2767,0.0496741
2768,0.143587
2769,0.364596
2770,0.300411
2771,0.0963332
2772,0.0216331
2773,0.0113197
2774,0.0597731
2775,0.00980317
2776,0.0139456
2777,0.0833283
2778,0.0485825
2779,0.013243
2780,0.0489206
2781,0.0123624
2782,0.015391
2783,0.0106251
2784,0.0215195
2785,0.148595
2786,0.0683143
2787,0.0108823
2788,0.0730865
2789,0.0127182
2790,0.0214833
2791,0.0781327
2792,0.017364
2793,0.0262423
2794,0.0142772
2795,0.274654
2796,0.053326
2797,0.0205393
2798,0.0911341
2799,0.018882
2800,0.0078696
2801,0.0123578
2802,0.0669364
2803,0.0574527
2804,0.00924957
2805,0.0127129
2806,0.349012
2807,0.0866141
2808,0.0096495
2809,0.0190535
2810,0.0825242
2811,0.330993
2812,0.241741
2813,0.0256437
2814,0.0137563
2815,0.039397
2816,0.0561537
2817,0.015382
2818,0.0488269
2819,0.0621449
2820,0.0178506
2821,0.0774472
2822,0.0205631
2823,0.459098
2824,0.0605133
2825,0.0689045
2826,0.0122819
2827,0.0116228
2828,0.0187822
2829,0.292443
2830,0.0104291
2831,0.0161244
2832,0.0157128
2833,0.0145131
2834,0.0778844
2835,0.0224398
2836,0.135353
2837,0.09285
2838,0.0620159
2839,0.00985297
2840,0.0132743
2841,0.0131082
2842,0.0587435
2843,0.0170616
2844,0.0280602
2845,0.0154737
2846,0.0100164
2847,0.0872837
2848,0.0105559
2849,0.239943
2850,0.146851
2851,0.0755617
2852,0.0535362
2853,0.148741
2854,0.0142951
2855,0.157649
2856,0.073223
2857,0.164894
2858,0.0466676
2859,0.0147493
2860,0.037728
2861,0.0285146
2862,0.197769
2863,0.482162
2864,0.00968198
2865,0.00819707
2866,0.245092
2867,0.0118096
2868,0.0229145
2869,0.0124042
2870,0.0184509
2871,0.0249121
2872,0.0104909
2873,0.062815
2874,0.0528321
2875,0.0553497
2876,0.221368
2877,0.0156266
2878,0.0174482
2879,0.174221
2880,0.0224965
2881,0.0969424
2882,0.0910444
2883,0.0232937
2884,0.00956903
2885,0.624452
2886,0.0626838
2887,0.0176963
2888,0.011933
2889,0.0130707
2890,0.0933371
2891,0.143753
2892,0.0146762
2893,0.00709579
2894,0.0549187
2895,0.151044
2896,0.019478
2897,0.0409899
2898,0.00905782
2899,0.0148684
2900,0.0227524
2901,0.530934
2902,0.0904565
2903,0.0632543
2904,0.00948727
2905,0.040863
2906,0.0116754
2907,0.624848
2908,0.0183091
2909,0.0166488
2910,0.0458935
2911,0.0578697
2912,0.184448
2913,0.0108176
2914,0.00843471
2915,0.0650697
2916,0.0382532
2917,0.0153075
2918,0.0395697
2919,0.0626455
2920,0.0113531
2921,0.0686201
2922,0.631627
2923,0.0474051
2924,0.0137917
2925,0.211141
2926,0.07122
2927,0.0110333
2928,0.147918
2929,0.0560268
2930,0.0159413
2931,0.013674
2932,0.0156855
2933,0.631229
2934,0.167923
2935,0.0196122
2936,0.14877
2937,0.0117633
2938,0.0143761
2939,0.0123594
2940,0.0835057
2941,0.055221
2942,0.0108815
2943,0.150136
2944,0.0184497
2945,0.00930395
2946,0.021715
2947,0.0105212
2948,0.105113
2949,0.053761
2950,0.0121316
2951,0.012899
2952,0.0151007
2953,0.0245066
2954,0.0122664
2955,0.0121783
2956,0.108964
2957,0.0120189
2958,0.0146997
2959,0.0354632
2960,0.0257272
2961,0.01938
2962,0.0527267
2963,0.0149122
2964,0.0622111
2965,0.0146333
2966,0.0133846
2967,0.059774
2968,0.184694
2969,0.00980139
2970,0.699053
2971,0.0397516
2972,0.0647917
2973,0.00880498
2974,0.0848525
2975,0.0154023
2976,0.0115552
2977,0.0264316
2978,0.0161267
2979,0.0183538
2980,0.0188219
2981,0.0120101
2982,0.0162793
2983,0.0131724
2984,0.00929621
2985,0.0201149
2986,0.0185417
2987,0.0131152
2988,0.0846815
2989,0.02137
2990,0.367929
2991,0.116852
2992,0.0125061
2993,0.192501
2994,0.00998236
2995,0.0178822
2996,0.0135196
2997,0.0690865
2998,0.019785
2999,0.290297
