{12:12:12},offline,softmax,5000,1,0.8,0.107709,0.0513018,0.108412,0.0509464,58.4,21.0237,58,21.3042
{11:11:11},offline,softmax,5000,0,0.9,0.0356474,0.0167759,0.0361732,0.0166836,73.55,14.1156,73,13.8104
{6:6},offline,sigmoid,5000,0,0.9,0.0352475,0.0103081,0.0358663,0.0101732,76.15,11106,75,11.4136
{21:21:21},offline,sigmoid,5000,0,0.9,0.0371678,0.00356199,0.0376981,0.00340061,80.09,2.45615,80,2.13854
{20:20:20},offline,softmax,5000,1,0.7,0.0415396,0.0234688,0.0437805,0.0216833,84.13,9.54783,83,9.06235
{10:10},offline,sigmoid,5000,0,0.8,0.0193109,0.00183479,0.0201501,0.00167703,88815,1.18659,88,1.06275
{23},offline,softmax,5000,1,0.7,0.0366323,0.0246662,0.0399476,0.0226512,89.7,6.96969,88,6.01932
{17:17},offline,softmax,5000,1,0.6,0.0276359,0.0289484,0.0326854,0.0258492,91465,9.0665,89,7.8975
{24},offline,softmax,5000,1,0.6,0.0238939,0.0181633,0.0280819,0.0167703,93.07,5.37178,91,5.01553
{6:6:6},offline,softmax,5000,1,0.9,0.143339,0.0213392,0.143814,0.020984,39.61,6.0092,38.68,5.61558
{7:7:7},offline,sigmoid,5000,0,0.6,0.0591774,0.00934354,0.0593465,0.00923559,46195,15.8579,45.5267,15.3792
{6:6:6},offline,sigmoid,5000,0,0.6,0.0592116,0.00434794,0.0594233,0.00427971,46885,5.50479,46.0333,5.21328
{6:6:6},offline,softmax,5000,1,0.8,0.130515,0.0429131,0.131183,0.0423109,47295,18.3425,46.48,19.1341
{7:7:7},offline,softmax,5000,1,0.9,0.128427,0.0526555,0.129516,0.0512368,47435,21.2744,46.7933,20.4294
{11:11:11},offline,softmax,5000,1,0.8,0.127301,0.0343455,0.127978,0.0338073,47.93,13.2841,47.86,13.5482
{9:9:9},offline,softmax,5000,1,0.7,0.125606,0.0443523,0.126296,0.0439371,49735,18.6585,48.4,19.1107
{8:8:8},offline,softmax,5000,1,0.8,0.118332,0.0408615,0.119241,0.0399515,49.81,14.8615,49.2333,15.0647
{13:13:13},offline,softmax,5000,1,0.9,0.127219,0.0463019,0.127764,0.0457826,49.61,19.2496,49.7933,19.1227
{13:13:13},offline,softmax,5000,1,0.8,0.124902,0.044361,0.12552,0.0437739,50.94,18.5561,50.52,18411
{6:6:6},offline,sigmoid,5000,0,0.7,0.0554776,0.00385983,0.0557457,0.00378688,52.48,3.89163,50.9467,3.6711
{7:7:7},offline,sigmoid,5000,0,0.7,0.0550957,0.00954672,0.0553659,0.00939384,51855,16.3939,51.34,15.6083
{6:6:6},offline,softmax,5000,1,0.7,0.111462,0.0523596,0.112469,0.0516837,53065,21.3424,52.2667,21.3092
{13:13:13},offline,softmax,5000,1,0.6,0.119322,0.0438028,0.119955,0.0433542,53.19,17.7531,52.9,17.7484
{9:9:9},offline,softmax,5000,1,0.8,0.109929,0.0498848,0.110994,0.0491654,54705,18.8058,54.0067,18.6515
{6:6:6},offline,softmax,5000,1,0.6,0.100877,0.046426,0.102098,0.0458677,55.82,18.0671,55.08,17605
{6:6:6},offline,sigmoid,5000,0,0.8,0.052679,0.00296407,0.0530051,0.00292019,57265,3.40471,55.7133,3.68123
{10:10:10},offline,softmax,5000,1,0.9,0.110939,0.0498915,0.111561,0.0496883,56.07,21.6248,55.76,22.0829
{10:10:10},offline,softmax,5000,1,0.8,0.113558,0.0414709,0.114238,0.0411909,56.2,18.9524,56.2933,19.6034
{7:7:7},offline,softmax,5000,0,0.6,0.0503397,0.00814153,0.0508537,0.00780156,56.87,11.3233,56.3733,11.0285
{8:8:8},offline,softmax,5000,1,0.9,0.101104,0.0476402,0.102048,0.047185,56545,19.2252,56.4933,19094
{15:15:15},offline,softmax,5000,1,0.9,0.10877,0.0493807,0.109664,0.0489429,57195,19.6211,56.8533,19.2822
{6:6:6},offline,softmax,5000,0,0.6,0.0515806,0.00300512,0.0519867,0.00287338,57435,3.74727,56.9533,4.4834
{7:7:7},offline,sigmoid,5000,0,0.8,0.0502257,0.00973334,0.0506327,0.00954748,58255,12.3326,57.58,11.6479
{11:11:11},offline,softmax,5000,1,0.9,0.101843,0.0605746,0.102786,0.059929,58015,25.3396,57.9467,24.5313
{10:10:10},offline,softmax,5000,1,0.7,0.105308,0.0485644,0.106087,0.0482231,58515,20.6314,58.1133,20.9866
{8:8:8},offline,softmax,5000,1,0.6,0.0988881,0.0605631,0.0997722,0.0597608,59.2,24.9145,58.5133,24.8647
{8:8:8},offline,sigmoid,5000,0,0.6,0.0492827,0.00275324,0.049758,0.00262376,59635,2.56421,58.76,2.61347
{7:7:7},offline,softmax,5000,1,0.7,0.0940752,0.0491473,0.0956149,0.0480796,59.65,18.5159,58.9333,17.9915
{14:14:14},offline,softmax,5000,1,0.7,0.0998215,0.0629851,0.102081,0.0598967,60.76,25.3234,59.14,24.7507
{6:6:6},offline,sigmoid,5000,0,0.9,0.0498764,0.00259205,0.0502493,0.00262173,60135,4.32264,59.2333,4.71269
{13:13:13},offline,softmax,5000,1,0.7,0.104051,0.0531241,0.104741,0.0526334,59.55,21.4516,59.5733,21.5817
{7:7:7},offline,softmax,5000,1,0.8,0.0920358,0.0520178,0.0937276,0.0508547,60.21,19.6487,59.6267,19.3352
{14:14:14},offline,softmax,5000,1,0.6,0.101069,0.053788,0.101949,0.0532484,60.99,21.6012,59.7933,22.0268
{11:11:11},offline,softmax,5000,1,0.6,0.0991506,0.0535117,0.100011,0.0529359,60535,23.1698,60.2933,23361
{6:6:6},offline,softmax,5000,0,0.7,0.048514,0.00217438,0.0491346,0.00200758,61.81,1.4853,60.62,1.53489
{7:7:7},offline,sigmoid,5000,0,0.9,0.0468484,0.00897118,0.0473649,0.00883907,62725,10.0445,62.0867,10.4153
{8:8:8},offline,sigmoid,5000,0,0.7,0.0457799,0.00252422,0.0464237,0.00241021,63.04,2.0434,62.1333,2.23296
{6:6:6},offline,softmax,5000,0,0.8,0.0457599,0.00195138,0.0465191,0.00178681,63.65,1.53725,62.3133,1.38034
{7:7:7},offline,softmax,5000,0,0.7,0.0459111,0.006749,0.0464628,0.00656995,62.99,7.15578,62.5733,7.21863
{8:8:8},offline,sigmoid,5000,0,0.9,0.0426452,0.00344108,0.0434297,0.00328672,64075,2.00741,63.5133,1.45938
{15:15:15},offline,softmax,5000,1,0.8,0.0927908,0.0467116,0.0937284,0.046274,63.8,19.4353,63.9733,19.1119
{8:8:8},offline,sigmoid,5000,0,0.8,0.0429836,0.00212206,0.0437488,0.00201693,64325,1.42248,64.0067,1.43031
{8:8:8},offline,softmax,5000,0,0.6,0.0432096,0.00219596,0.0440523,0.00208723,65445,1.39926,64.5733,1.27832
{14:14:14},offline,softmax,5000,1,0.9,0.0891312,0.0522474,0.0902075,0.051684,65805,21.5791,64.8533,21.8146
{12:12:12},offline,softmax,5000,1,0.9,0.092727,0.052008,0.0935297,0.0516848,64985,21.8155,64.9933,21.8978
{12:12:12},offline,softmax,5000,1,0.7,0.0917694,0.0478305,0.0925118,0.0475646,65045,19.2733,65.0333,19.5104
{6:6},offline,sigmoid,5000,0,0.6,0.0472592,0.00748204,0.0476864,0.00731014,66.39,11.7371,65.34,12.5919
{9:9:9},offline,sigmoid,5000,0,0.6,0.0449857,0.00923047,0.0454767,0.00916108,65.79,11.0482,65.4067,11.0994
{7:7:7},offline,softmax,5000,1,0.6,0.0772386,0.0382579,0.0787456,0.0377324,65515,14.8692,65.6067,14.6388
{14:14:14},offline,softmax,5000,1,0.8,0.0871356,0.0556349,0.0881735,0.0550133,66.61,22.4803,65.8467,22.7896
{7:7:7},offline,softmax,5000,0,0.8,0.0415478,0.00952057,0.0421366,0.00964367,67195,9.23895,66.46,10.1297
{9:9:9},offline,softmax,5000,1,0.6,0.0815897,0.0579862,0.0825556,0.0574979,67.64,23.8954,66.62,24.3251
{6:6:6},offline,softmax,5000,0,0.9,0.0413858,0.00427276,0.0421443,0.00443879,68.27,5.89012,67.26,6.77526
{13:13:13},offline,softmax,5000,0,0.9,0.0460381,0.00129172,0.0464526,0.00136194,67625,2.81608,67.3933,2.6951
{10:10:10},offline,softmax,5000,1,0.6,0.0788815,0.0548647,0.0799429,0.0544136,68.5,22.1853,67.46,22.5107
{10:10:10},offline,softmax,5000,0,0.8,0.0441734,0.00672175,0.0446616,0.00674203,67.74,8.72426,67.5333,8.85491
{11:11:11},offline,softmax,5000,1,0.7,0.0799067,0.0599366,0.0812451,0.0587941,68.72,24.9796,67.9867,24.9972
{12:12:12},offline,softmax,5000,1,0.6,0.0820187,0.0559741,0.083746,0.0542804,68855,22.9215,67.9867,22.5367
{15:15:15},offline,softmax,5000,1,0.6,0.0812101,0.0521237,0.0823063,0.0515955,68195,21.2591,68.0867,21.1556
{8:8:8},offline,softmax,5000,0,0.7,0.0393288,0.0067934,0.0401906,0.00696298,69115,6.60621,68.2733,6.59896
{10:10:10},offline,softmax,5000,0,0.9,0.0421212,0.0117795,0.0426008,0.0116717,68625,12.1027,68.2733,12.2988
{16:16:16},offline,softmax,5000,1,0.7,0.0831327,0.0562644,0.0841392,0.0559211,68.43,21.3232,68.52,21.1592
{7:7:7},offline,softmax,5000,0,0.9,0.0390287,0.00959611,0.0396558,0.00970492,69.07,9.0418,68.5667,9.43896
{15:15:15},offline,softmax,5000,1,0.7,0.0763786,0.0605028,0.0776504,0.0597461,69255,24.3683,69.28,23.8616
{9:9:9},offline,softmax,5000,0,0.6,0.0410308,0.00484737,0.0418058,0.00486941,70.07,6.20731,69.44,6.46157
{13:13:13},offline,softmax,5000,0,0.8,0.0440034,0.00141685,0.0444491,0.00152709,69.7,3.34818,69.4867,3.08559
{10:10:10},offline,softmax,5000,0,0.7,0.0422155,0.00717204,0.0427652,0.00721148,69725,8.91354,69.5333,9.12393
{10:10:10},offline,sigmoid,5000,0,0.9,0.0422191,0.00581404,0.0427911,0.0058866,69755,9.19255,69.5533,9.21154
{8:8:8},offline,softmax,5000,0,0.8,0.0385007,0.0116246,0.0391012,0.0118016,70475,10.1936,69.66,10.4287
{9:9:9},offline,sigmoid,5000,0,0.7,0.0417623,0.00527361,0.0423441,0.00533823,71065,8.19155,70.52,8.51504
{16:16:16},offline,softmax,5000,1,0.6,0.0779413,0.0578329,0.079197,0.0572224,71015,22.4198,70.8267,21.7865
{10:10:10},offline,sigmoid,5000,0,0.6,0.0390831,0.0106362,0.0396677,0.0106745,71.23,11.5595,70.9667,11.7076
{6:6},offline,sigmoid,5000,0,0.7,0.0416953,0.0092133,0.0422097,0.00905214,71985,11.8334,71.04,12.8462
{10:10:10},offline,softmax,5000,0,0.6,0.0399112,0.00752602,0.0405307,0.00758302,71.54,8.79289,71.08,8.74346
{10:10:10},offline,sigmoid,5000,0,0.8,0.0396921,0.00610552,0.0403399,0.00615787,71505,8.77054,71.2933,8.58789
{13:13:13},offline,softmax,5000,0,0.7,0.0411298,0.0017497,0.0416144,0.0018163,71.53,3.20928,71.6,2.73922
{8:8:8},offline,softmax,5000,1,0.7,0.0632139,0.0521257,0.065294,0.0509663,72955,22.0772,72.6267,21.5948
{6:6},offline,sigmoid,5000,0,0.8,0.0376501,0.0100353,0.0382287,0.00990319,73.76,12.1378,72.8067,12725
{12:12:12},offline,softmax,5000,0,0.8,0.0407251,0.00477882,0.0411924,0.00478751,72785,5.39666,72.8533,5467
{9:9:9},offline,softmax,5000,1,0.9,0.0662049,0.0489929,0.0678269,0.0483324,73.88,21.0192,72.8933,20.5406
{10:10:10},offline,sigmoid,5000,0,0.7,0.0350866,0.0115031,0.0357968,0.0115958,73.26,11521,73.1733,11.3994
{6:6},offline,softmax,5000,0,0.6,0.0352233,0.0118444,0.0359327,0.0117413,73585,11.2719,73.3733,11412
{11:11:11},offline,sigmoid,5000,0,0.9,0.0401272,0.00506906,0.040594,0.00518039,73735,9.03134,73.4733,9.31115
{18:18:18},offline,softmax,5000,0,0.9,0.0380513,0.0100259,0.0387191,0.00971156,73.97,7.54922,73.4933,7.35483
{22:22:22},offline,softmax,5000,0,0.9,0.0402551,0.00475814,0.0409681,0.00484206,74365,3.87305,73.6067,3.85281
{9:9:9},offline,sigmoid,5000,0,0.8,0.0382019,0.00440114,0.0388348,0.00467932,74.61,7.21025,73.7,7.33553
{15:15:15},offline,softmax,5000,0,0.9,0.0379269,0.014146,0.038604,0.0136341,74285,10.3713,73.7067,9.87619
{16:16:16},offline,softmax,5000,1,0.8,0.0686375,0.0451153,0.0698097,0.0446584,73915,17.9718,73.7733,17.4286
{20:20:20},offline,softmax,5000,0,0.9,0.0394208,0.00292696,0.0399566,0.00301275,74.77,3.40732,73.7867,4.27588
{11:11:11},offline,softmax,5000,0,0.7,0.0383225,0.00796468,0.0387768,0.00816969,73695,8.42638,73.9467,8.84878
{18:18:18},offline,softmax,5000,1,0.7,0.0654956,0.0444596,0.066483,0.0441139,74525,17.5231,73.9533,17.9853
{21:21:21},offline,softmax,5000,0,0.9,0.0401355,0.004424,0.0405092,0.00429968,74425,4.10784,73.9733,4.13887
{8:8:8},offline,softmax,5000,0,0.9,0.0333081,0.0116314,0.0339085,0.0117382,74495,10.8772,74.0867,11.0333
{21:21:21},offline,softmax,5000,1,0.7,0.0655026,0.0455097,0.0667598,0.045129,74975,17.4108,74.2267,17.9155
{12:12:12},offline,softmax,5000,0,0.7,0.0383406,0.00486697,0.0388429,0.00489641,74925,5.67409,74.56,5.94687
{16:16:16},offline,softmax,5000,0,0.8,0.0389966,0.00496932,0.039534,0.00494407,75.02,4.70726,74.58,4.3168
{13:13:13},offline,softmax,5000,0,0.6,0.0375694,0.00231407,0.0381139,0.00235301,74.58,3.5998,74.6467,3.55392
{9:9:9},offline,softmax,5000,0,0.8,0.0336755,0.0137561,0.0341895,0.0138177,75345,12389,74.82,12.7041
{9:9:9},offline,softmax,5000,0,0.7,0.0339841,0.0124869,0.0345409,0.0125841,75.25,11.2234,74.94,11.2163
{17:17:17},offline,softmax,5000,1,0.7,0.0637556,0.0480277,0.065139,0.0470871,75685,19435,75.0733,18.7697
{25:25:25},offline,softmax,5000,0,0.9,0.0393348,0.00376848,0.0397188,0.00358793,75.3,3.91444,75.08,3.14763
{11:11:11},offline,sigmoid,5000,0,0.8,0.0379338,0.00533758,0.0384325,0.00546367,75.26,8.30855,75.18,8.70356
{6:6},offline,softmax,5000,0,0.8,0.0350449,0.00399778,0.0358898,0.00393913,76.1,5.6542,75.1867,6.07904
{6:6},offline,softmax,5000,0,0.7,0.0342082,0.00907561,0.0350535,0.00884975,75.78,9.02997,75.2,8.69677
{9:9:9},offline,sigmoid,5000,0,0.9,0.0330061,0.00996921,0.033819,0.0100365,76205,9.37997,75.2933,9.45655
{11:11:11},offline,softmax,5000,0,0.6,0.0365397,0.00552846,0.0370479,0.00563515,75.55,6.79043,75.58,7.33786
{18:18:18},offline,softmax,5000,1,0.6,0.0653735,0.0414898,0.0664623,0.0410703,75495,17.0527,75.6133,16.6817
{22:22:22},offline,softmax,5000,0,0.8,0.0376932,0.00423444,0.0384363,0.0043413,76645,3.50042,75.6933,3.3848
{6:6},offline,softmax,5000,0,0.9,0.034799,0.00182729,0.0356728,0.00172872,76.78,2.33107,76.0533,2.36603
{14:14:14},offline,softmax,5000,0,0.8,0.0364454,0.00985556,0.0370471,0.00983739,76.57,6.91107,76.0667,6.90056
{12:12:12},offline,softmax,5000,0,0.9,0.0368175,0.0130081,0.0373298,0.0127749,76015,9.37501,76.0933,8.84657
{19:19:19},offline,softmax,5000,1,0.6,0.0596161,0.0549154,0.0618144,0.0533411,77.01,22.1678,76.26,21.3217
{19:19:19},offline,softmax,5000,0,0.9,0.0345052,0.00774596,0.035112,0.00777112,76.93,5.65905,76.3267,5.79187
{21:21:21},offline,softmax,5000,0,0.8,0.0374352,0.00375147,0.0378701,0.00364084,76795,3.66429,76.3933,3.79688
{21:21:21},offline,softmax,5000,1,0.6,0.0617006,0.0411405,0.062967,0.0408434,77195,16.1594,76.5067,16.4591
{14:14:14},offline,softmax,5000,0,0.9,0.0337975,0.0143925,0.0344973,0.0141378,77.41,10.1795,76.52,10.1313
{7:7},offline,sigmoid,5000,0,0.6,0.0372616,0.00990179,0.0377627,0.00981843,76835,11.5748,76.5333,12.3551
{11:11:11},offline,sigmoid,5000,0,0.6,0.0364513,0.00768153,0.0369336,0.00768229,77.04,8.0712,76.66,7.92091
{25:25:25},offline,softmax,5000,0,0.8,0.037514,0.00352155,0.037951,0.00329925,77.18,4.08264,76.7267,3.17362
{19:19:19},offline,softmax,5000,0,0.8,0.035904,0.00240115,0.0364437,0.00245204,77.18,2.55413,76.74,2.90463
{16:16:16},offline,softmax,5000,0,0.9,0.0360853,0.0103991,0.0366097,0.0101727,77.39,6.72622,76.7733,6.84233
{20:20:20},offline,softmax,5000,0,0.8,0.037013,0.00266494,0.0376027,0.00275018,77375,2.71339,76.7867,3.22297
{12:12:12},offline,softmax,5000,0,0.6,0.0355005,0.0050438,0.0360377,0.00507689,77.32,5.79794,77.14,5.85593
{23:23:23},offline,softmax,5000,1,0.8,0.0511459,0.0095805,0.0525617,0.00987445,77.66,4.6027,77.22,5.23135
{20:20:20},offline,softmax,5000,1,0.6,0.0602753,0.0440047,0.0616816,0.0434658,78015,16.8625,77.3333,17014
{18:18:18},offline,softmax,5000,0,0.7,0.0351119,0.00174594,0.0357512,0.0017392,77735,2.80789,77.3467,2.6476
{15:15:15},offline,softmax,5000,0,0.8,0.0321603,0.0127355,0.0329052,0.0122814,78.25,9.51261,77.5533,9.18303
{24:24:24},offline,softmax,5000,0,0.8,0.037242,0.00209461,0.0377522,0.00201727,77645,0.931128,77.6067,1.04414
{22:22:22},offline,softmax,5000,0,0.7,0.0348908,0.00360835,0.0356699,0.0037818,78.75,2.88574,77.98,2.87756
{17:17:17},offline,softmax,5000,0,0.9,0.0335809,0.0143059,0.0343193,0.0134233,78.26,9.38707,78.04,8.41491
{24:24:24},offline,softmax,5000,0,0.9,0.034694,0.0117024,0.0352813,0.0113693,78.52,6.82045,78.0933,6.48359
{14:14:14},offline,softmax,5000,0,0.7,0.0340572,0.00875283,0.0347005,0.00873386,78755,5.68582,78.16,5.5878
{25:25:25},offline,softmax,5000,0,0.7,0.0355927,0.00353013,0.0360613,0.00330102,78.67,3.77121,78.4533,3.21564
{25:25:25},offline,sigmoid,5000,0,0.9,0.0410153,0.00134917,0.0414596,0.00135017,79005,0.757339,78.5867,1.3188
{11:11:11},offline,softmax,5000,0,0.8,0.0300429,0.0154487,0.030506,0.0153259,78865,12.9802,78.8467,12.4963
{20:20:20},offline,softmax,5000,0,0.7,0.034356,0.00249698,0.0350439,0.00255605,79365,2.38115,78.86,2.66129
{25:25:25},offline,softmax,5000,1,0.8,0.0492503,0.0118839,0.0504094,0.0118793,79685,4.9456,79.1133,5.00214
{17:17:17},offline,softmax,5000,0,0.7,0.0348699,0.0031221,0.0352956,0.00314361,79.42,2.10931,79.2267,2.24083
{23:23:23},offline,softmax,5000,0,0.9,0.0335572,0.00780528,0.0342292,0.00756759,79885,4.24031,79.2333,3.9274
{18:18:18},offline,softmax,5000,1,0.8,0.0532699,0.0142433,0.054747,0.0135704,80275,5.02008,79.3267,5.26648
{19:19:19},offline,softmax,5000,0,0.7,0.0330951,0.00181775,0.0336648,0.00192659,79545,1.58749,79.4067,2.03803
{17:17:17},offline,softmax,5000,0,0.8,0.0326231,0.0103309,0.0331832,0.0099433,79.47,6.55702,79.4533,6.20455
{19:19:19},offline,softmax,5000,1,0.9,0.049499,0.0126914,0.0507191,0.012698,79585,6.02717,79.54,6.08324
{11:11},offline,softmax,5000,1,0.8,0.0544137,0.0117682,0.0555682,0.0115878,80.17,4.92168,79.6067,4.72078
{24:24:24},offline,sigmoid,5000,0,0.9,0.0393154,0.00311083,0.0398114,0.00308473,79705,2.78705,79.6067,2.84443
{9:9:9},offline,softmax,5000,0,0.9,0.0273537,0.0122072,0.0279669,0.0122062,80.39,11.3115,79.6667,11.1579
{19:19:19},offline,softmax,5000,1,0.7,0.0523426,0.011103,0.0534026,0.0112395,79485,4.55033,79.6867,4.22937
{18:18:18},offline,softmax,5000,0,0.8,0.0300741,0.011933,0.0309777,0.0115538,80235,8.49142,79.74,8.21139
{22:22:22},offline,softmax,5000,1,0.8,0.0522039,0.0307911,0.0535322,0.0304989,80555,11.1591,79.9133,11.3976
{11:11:11},offline,sigmoid,5000,0,0.7,0.0320107,0.00754875,0.0324982,0.00759497,80305,5.3334,79.94,5076
{17:17:17},offline,softmax,5000,1,0.9,0.0510473,0.0107425,0.0523808,0.0106515,80.51,4.93921,79.9867,4.67063
{6},offline,sigmoid,5000,0,0.6,0.0356119,0.00202611,0.0363669,0.00203933,80.63,1.10176,80.02,0.863327
{8:8},offline,softmax,5000,0,0.9,0.0343196,0.00262494,0.0350309,0.00261662,80.67,2.15765,80.1067,2.71931
{8:8},offline,softmax,5000,1,0.9,0.0543502,0.0212367,0.056294,0.0199142,81.04,6.85457,80.3,6.03798
{7:7},offline,sigmoid,5000,0,0.7,0.0323162,0.00956013,0.0328816,0.00951691,80.91,8.57567,80.36,8.80882
{24:24:24},offline,softmax,5000,0,0.7,0.0341527,0.0028245,0.0347332,0.00269337,80.35,1.64981,80.3733,1.37889
{25:25:25},offline,softmax,5000,0,0.6,0.0329229,0.00373057,0.0334502,0.00344282,80.52,3.82269,80.3733,3.19812
{16:16:16},offline,sigmoid,5000,0,0.9,0.0365065,0.00199184,0.0369526,0.00175283,80645,1.64843,80.44,1.95212
{22:22:22},offline,softmax,5000,0,0.6,0.0316367,0.00360359,0.0324467,0.0037949,81.53,2.66771,80.48,2.96147
{15:15:15},offline,softmax,5000,0,0.7,0.0317024,0.00841213,0.0321844,0.00843854,80.8,5.04941,80.4867,5.12345
{21:21:21},offline,softmax,5000,0,0.7,0.0316843,0.00606777,0.0322099,0.00590847,80.8,3.9054,80.5467,3.64254
{24:24:24},offline,softmax,5000,1,0.8,0.0507003,0.00973342,0.0520762,0.00981426,80795,3.70251,80.5933,3.68649
{21:21:21},offline,softmax,5000,1,0.9,0.0495856,0.0115427,0.0510276,0.0114263,81.11,4.1887,80.7867,4.28477
{23:23:23},offline,softmax,5000,0,0.7,0.0324019,0.0033356,0.0330643,0.00351301,81395,2.37588,80.8067,2.81537
{23:23:23},offline,softmax,5000,0,0.8,0.0317344,0.00527361,0.0323873,0.00514437,81405,2.32267,80.86,2.24616
{18:18:18},offline,sigmoid,5000,0,0.8,0.033394,0.00222707,0.0340012,0.00220867,81315,1.16184,80.9533,1.0495
{11:11},offline,softmax,5000,1,0.9,0.0533845,0.0102294,0.0546258,0.0100543,81.38,3.69177,80.9667,3.83616
{8:8},offline,sigmoid,5000,0,0.6,0.0326941,0.00770441,0.0332777,0.00744734,81.28,5.2154,80.9733,5.39194
{20:20:20},offline,softmax,5000,1,0.9,0.047039,0.0130963,0.0485193,0.0128299,81.83,6.83007,80.9867,6.40506
{7},offline,sigmoid,5000,0,0.6,0.0335584,0.00307267,0.034377,0.00310809,81.55,2.35564,80.9867,2.35261
{21:21:21},offline,sigmoid,5000,0,0.8,0.0348356,0.00345195,0.0354267,0.00329074,81.48,2.33709,81.0733,1.92735
{12:12},offline,softmax,5000,1,0.9,0.0532173,0.0185638,0.0545887,0.0179715,81935,6.09784,81.2,5.84941
{16:16:16},offline,softmax,5000,0,0.7,0.0303874,0.008829,0.0311157,0.00851577,81.8,5.19098,81.2467,4.67491
{18:18:18},offline,softmax,5000,0,0.6,0.0310007,0.00173299,0.0316972,0.00166091,81375,1.85481,81.3267,1.70903
{15:15:15},offline,sigmoid,5000,0,0.9,0.0328737,0.00879076,0.033351,0.00853908,81.65,4.43618,81.3667,4.14387
{9:9},offline,softmax,5000,1,0.9,0.0478907,0.0142578,0.0492575,0.0138577,82055,6.0067,81.4467,5.7626
{17:17:17},offline,softmax,5000,1,0.8,0.0486379,0.00988841,0.0498123,0.00994018,81445,3.70635,81.46,3.30844
{21},offline,softmax,5000,1,0.8,0.0641413,0.00300019,0.0657869,0.00286953,82.34,0.659687,81.5,0.760117
{8:8},offline,softmax,5000,0,0.8,0.0314821,0.00263299,0.0322664,0.00261793,82005,2.30166,81.5067,2.57222
{19:19:19},offline,softmax,5000,1,0.8,0.0462391,0.0162333,0.0472941,0.0162812,81.89,8.20157,81.5733,8.23017
{20:20:20},offline,softmax,5000,0,0.6,0.0308576,0.00202387,0.0316328,0.00201093,82.26,1.5312,81.6667,1.96596
{7},offline,sigmoid,5000,0,0.7,0.0310086,0.00344693,0.0319543,0.00349684,82645,2.45372,81.7,2.37101
{19:19:19},offline,softmax,5000,0,0.6,0.0299915,0.00195296,0.030598,0.00206516,82.14,1.89552,81.7133,1.78755
{18:18:18},offline,sigmoid,5000,0,0.9,0.0304427,0.0113412,0.0312693,0.0108056,82825,6.24695,81.7333,5.69849
{17:17:17},offline,softmax,5000,0,0.6,0.031285,0.00297732,0.031794,0.0029666,81.9,1.93915,81.8,1.92541
{12:12},offline,softmax,5000,1,0.8,0.0527771,0.0108169,0.0539117,0.01092,82.41,3.07106,81.8067,3.7103
{9:9},offline,softmax,5000,0,0.9,0.0307819,0.00326975,0.0315182,0.00319855,82.42,1.90914,81.8267,1.96163
{15:15:15},offline,softmax,5000,0,0.6,0.03135,0.00165803,0.0318514,0.0016208,81755,1.47069,81.8333,1.25985
{21:21:21},offline,softmax,5000,0,0.6,0.0305255,0.00167592,0.0310949,0.001566,82025,1.53348,81.8533,1.38215
{23:23:23},offline,sigmoid,5000,0,0.8,0.0338169,0.0044946,0.034448,0.00455521,82.33,2.0925,81.88,2.10984
{25},offline,softmax,5000,1,0.7,0.0590101,0.00251467,0.0608514,0.00249279,83105,0.906987,81.9133,0.913662
{11},offline,softmax,5000,1,0.8,0.0665411,0.00639866,0.0679711,0.0063009,82635,1.13035,81.9267,1.00593
{22},offline,softmax,5000,1,0.7,0.0580232,0.00169368,0.0599028,0.0018379,83245,0.356371,81.9333,0.552771
{25:25:25},offline,softmax,5000,1,0.7,0.0420816,0.0293698,0.0441182,0.0280635,83135,12.3029,81.96,11.8112
{22:22:22},offline,sigmoid,5000,0,0.9,0.0311431,0.0123855,0.0321133,0.0115732,83095,6.52276,82.0333,5.75939
{16:16:16},offline,sigmoid,5000,0,0.8,0.0338047,0.00253171,0.0343065,0.00229566,81.98,1.67942,82.08,1.5907
{24:24:24},offline,softmax,5000,0,0.6,0.0307933,0.00328411,0.0314153,0.00316526,82.34,2.06273,82.0933,1.72021
{19:19:19},offline,sigmoid,5000,0,0.9,0.0320822,0.0111741,0.0327353,0.0109699,82.97,5.58453,82.2067,5.26637
{15:15:15},offline,sigmoid,5000,0,0.8,0.031378,0.00686708,0.0318469,0.00671418,82.77,3.37423,82.22,3.46206
{13:13:13},offline,sigmoid,5000,0,0.8,0.0280949,0.0105585,0.0289375,0.0103179,83135,6.01593,82.3733,5.76587
{6},offline,softmax,5000,1,0.7,0.0583435,0.0191653,0.0601336,0.0184783,83165,4.56579,82.4267,4.15635
{22:22},offline,softmax,5000,1,0.8,0.0451443,0.0124315,0.0470977,0.0120971,83.83,4.01004,82.4467,3.98613
{18:18:18},offline,softmax,5000,1,0.9,0.0457025,0.0111298,0.0473415,0.0107658,82.85,3.78195,82.4867,3.21883
{22:22:22},offline,softmax,5000,1,0.7,0.0442183,0.0211659,0.0462158,0.0205852,83345,8.46959,82.5133,8.14414
{8},offline,sigmoid,5000,0,0.6,0.0322777,0.00463099,0.0331796,0.00445665,82.96,3.6195,82.54,3.15087
{22:22:22},offline,softmax,5000,1,0.6,0.0473436,0.0147281,0.0490079,0.0141067,83.1,4.99684,82.5667,4.32673
{8:8},offline,softmax,5000,1,0.8,0.0460659,0.0187444,0.0475969,0.0181961,83.24,6.06312,82.5933,6.04784
{6},offline,sigmoid,5000,0,0.7,0.0320351,0.00134934,0.0328996,0.001437,83.3,0.972433,82.6067,0.7588
{7:7},offline,softmax,5000,1,0.8,0.0460613,0.0237067,0.0481641,0.0230375,83.71,8.01736,82.6467,7.83927
{13:13:13},offline,sigmoid,5000,0,0.6,0.0287429,0.00818489,0.0294231,0.00816636,83105,6.02887,82.6867,5.9773
{6:6},offline,softmax,5000,1,0.9,0.0421657,0.010819,0.0439187,0.0108626,83.34,4.01126,82.6933,3.60705
{20:20:20},offline,sigmoid,5000,0,0.9,0.0300905,0.0122707,0.031081,0.011506,83755,6.40167,82.6933,5.74734
{7},offline,sigmoid,5000,0,0.8,0.0291871,0.00341042,0.0302178,0.00351485,83855,2.17926,82.7267,2.1236
{23:23:23},offline,softmax,5000,0,0.6,0.0297247,0.00258029,0.0304313,0.00275534,83275,2.03846,82.7533,2.11943
{23:23:23},offline,sigmoid,5000,0,0.9,0.0317762,0.0131644,0.0326445,0.0125812,83555,6.4153,82.7533,5.89772
{14:14:14},offline,sigmoid,5000,0,0.9,0.0299907,0.00803511,0.0308,0.00761423,83.11,4347,82.76,3.59941
{22:22:22},offline,sigmoid,5000,0,0.7,0.0323213,0.00287576,0.0330273,0.00294646,83355,0.569375,82.8133,0.799166
{22:22:22},offline,sigmoid,5000,0,0.8,0.0298966,0.0109633,0.030839,0.0103368,83.9,5.62703,82.8867,4.76402
{24:24:24},offline,sigmoid,5000,0,0.8,0.0322096,0.0129415,0.0329147,0.012565,83.58,6.51708,82.8933,6.12188
{21:21:21},offline,sigmoid,5000,0,0.7,0.0314077,0.00356963,0.032051,0.00342128,83145,2.29104,82.9267,2.08798
{24},offline,softmax,5000,1,0.7,0.0566185,0.00101761,0.0587258,0.00128843,84.35,0.505594,82.9333,0.528625
{12:12:12},offline,sigmoid,5000,0,0.8,0.0299991,0.00646533,0.0305364,0.00626185,83.36,3.37429,82.96,2.56314
{17:17:17},offline,sigmoid,5000,0,0.9,0.0320321,0.0112108,0.0327886,0.0106922,83.36,5.35285,82.96,4.82645
{22:22},offline,softmax,5000,0,0.9,0.0278332,0.00422096,0.0288251,0.0042108,84075,3.73384,82.9667,3.6253
{7:7},offline,softmax,5000,0,0.9,0.0291794,0.00898171,0.0298954,0.00870589,83135,4.51313,82.98,4.17264
{22},offline,softmax,5000,1,0.8,0.0546684,0.0257178,0.0570903,0.0239776,84.26,7.24551,82.98,6.69957
{6},offline,softmax,5000,1,0.6,0.0549896,0.0067852,0.0566911,0.00692201,83.74,2.52801,83.0867,2.87582
{7:7},offline,softmax,5000,0,0.8,0.0302467,0.00295898,0.0308419,0.00285046,83.2,1.97381,83.1,1.85682
{12:12:12},offline,sigmoid,5000,0,0.9,0.0293311,0.00948646,0.0299559,0.00913168,83.63,4.42918,83.1133,3.92185
{6:6},offline,softmax,5000,1,0.8,0.0441117,0.0137622,0.0456716,0.0135872,83695,4.36439,83.1333,4.22992
{10:10},offline,softmax,5000,0,0.9,0.0292996,0.00527472,0.0300371,0.00507024,83.5,2.75431,83.14,2.54006
{6:6},offline,softmax,5000,1,0.6,0.0428812,0.0106685,0.0445957,0.010512,84015,3.35324,83.1533,3.01999
{19:19:19},offline,sigmoid,5000,0,0.8,0.0302719,0.00987333,0.0309507,0.00971792,83.66,5.10428,83.16,4.57465
{12:12},offline,softmax,5000,1,0.7,0.0476759,0.0155805,0.0490145,0.0155364,83.9,4.99666,83.2,4.84063
{18:18:18},offline,sigmoid,5000,0,0.7,0.0299386,0.00231293,0.0305689,0.00232874,83605,1.0511,83.24,0.907806
{9:9},offline,softmax,5000,0,0.8,0.0281348,0.00362257,0.0289478,0.00351707,84.03,2.29111,83.28,1.93184
{7:7},offline,sigmoid,5000,0,0.8,0.0287666,0.007847,0.0293931,0.00776888,83645,5.53905,83.3467,5.27797
{25:25},offline,softmax,5000,1,0.9,0.0406872,0.0218289,0.0435954,0.0194146,84585,8.29948,83.3467,7.26401
{25:25},offline,softmax,5000,0,0.9,0.0276476,0.00105269,0.0287102,0.00108024,84.54,0.645804,83.4867,0.427265
{11},offline,softmax,5000,1,0.7,0.0582251,0.00683398,0.0597927,0.00671029,84175,1.40679,83.4933,1.15335
{21},offline,softmax,5000,1,0.7,0.0553863,0.00256421,0.0572313,0.00245575,84.68,0.831302,83.5067,0.850621
{25:25:25},offline,softmax,5000,1,0.9,0.0392878,0.0118721,0.0405713,0.0114909,84155,5.77049,83.52,5.18934
{13:13:13},offline,sigmoid,5000,0,0.9,0.0248729,0.0115612,0.025779,0.011355,84.64,6.64,83.5333,6.90286
{15:15:15},offline,sigmoid,5000,0,0.7,0.0298795,0.00324512,0.030316,0.00325057,83985,1.69564,83.54,1.98122
{18},offline,softmax,5000,1,0.7,0.055104,0.00342707,0.056853,0.00332317,84.23,1.32517,83.54,1.17554
{11:11},offline,softmax,5000,0,0.9,0.0285599,0.00359379,0.0291896,0.00363431,84.61,2.09393,83.5733,2.1139
{23:23},offline,softmax,5000,0,0.9,0.0281705,0.00136847,0.0291055,0.0014681,84.12,1.05925,83.5733,0.812199
{23:23:23},offline,softmax,5000,1,0.9,0.0398042,0.0237153,0.0422262,0.0217875,84.34,9.99096,83.5733,8.82
{7},offline,softmax,5000,1,0.7,0.0538745,0.0168427,0.0554919,0.0159954,84195,3.17714,83.7067,2.95272
{17:17:17},offline,sigmoid,5000,0,0.8,0.0299961,0.00876047,0.0307162,0.00842195,84465,3.5307,83.72,3.3051
{7},offline,sigmoid,5000,0,0.9,0.0277231,0.00316811,0.0288271,0.00332521,84.71,1.93944,83.7333,1.42867
{6:6},offline,softmax,5000,1,0.7,0.0421164,0.015599,0.0439342,0.0151121,84.39,5.01842,83.7467,4.18354
{19:19:19},offline,sigmoid,5000,0,0.7,0.0293973,0.00380363,0.0300445,0.00381471,84045,2.19854,83.76,2.11363
{16:16:16},offline,softmax,5000,0,0.6,0.0271514,0.00794864,0.0279588,0.0076514,84.21,4.24355,83.7667,4.01725
{24:24},offline,softmax,5000,0,0.9,0.0285972,0.00106908,0.0293974,0.000908279,84285,0.516478,83.8133,0.537794
{15:15},offline,softmax,5000,0,0.9,0.0273427,0.00163447,0.0281039,0.00177098,84.27,1.11851,83.8267,1.24374
{20:20:20},offline,sigmoid,5000,0,0.8,0.029414,0.0111478,0.0302595,0.0105658,84.3,5.29174,83.8333,4.73357
{10},offline,sigmoid,5000,0,0.6,0.0286101,0.00261109,0.0298133,0.00256009,85115,1.06207,83.8467,0.963097
{13:13:13},offline,sigmoid,5000,0,0.7,0.0259411,0.00721195,0.0266632,0.00714961,84.68,4.3498,83.86,4.48859
{8:8},offline,softmax,5000,0,0.7,0.0273622,0.00298605,0.0282122,0.00293846,84305,1.77715,83.8867,2.01558
{18:18},offline,softmax,5000,1,0.8,0.0466112,0.0166168,0.0479989,0.0158827,84.31,5.20863,83.8867,4.75001
{8},offline,sigmoid,5000,0,0.7,0.02965,0.00445707,0.0306007,0.0042411,84765,3.11692,83.9067,2.8318
{24:24:24},offline,softmax,5000,1,0.7,0.0383553,0.0175481,0.040217,0.0170005,84745,7.76568,83.9133,7.52638
{14:14:14},offline,softmax,5000,0,0.6,0.0253902,0.00948417,0.0262157,0.00926171,84565,4.8533,83.94,4.54248
{18:18},offline,softmax,5000,0,0.9,0.0278541,0.00166076,0.0286409,0.00172618,84595,1.12825,83.9467,1.27139
{14:14:14},offline,sigmoid,5000,0,0.8,0.0270182,0.00877737,0.0278708,0.0082706,84.41,4.86109,83.96,3.8986
{7:7},offline,softmax,5000,1,0.9,0.0374151,0.0173378,0.0396211,0.0164917,85.43,7.27896,84.0133,6.95811
{14:14},offline,softmax,5000,0,0.9,0.0271075,0.00160384,0.0278636,0.00164984,84265,1.01313,84.04,1.03854
{16:16},offline,softmax,5000,0,0.9,0.027392,0.0017476,0.0282624,0.00187457,84855,1.2508,84.04,1.16652
{12:12},offline,softmax,5000,0,0.9,0.0281114,0.00192965,0.0287923,0.00207222,84415,1.10065,84.0533,1.65035
{7:7},offline,sigmoid,5000,0,0.9,0.0280696,0.00542485,0.0286884,0.00537622,84.35,4.09657,84.0733,3.90821
{20:20},offline,softmax,5000,0,0.9,0.0278594,0.000643749,0.0288011,0.000721466,84415,0.466905,84.0867,0.603968
{6},offline,sigmoid,5000,0,0.8,0.0293778,0.00108314,0.0303041,0.00106257,84.79,0.796006,84.1133,0.593296
{18},offline,softmax,5000,1,0.8,0.0535244,0.0244629,0.0560061,0.0227784,85.08,6.97212,84.12,5.85499
{13:13},offline,softmax,5000,0,0.9,0.0283386,0.00118968,0.0291195,0.00111701,84535,0.719288,84.1267,0.428434
{8:8},offline,sigmoid,5000,0,0.7,0.0265449,0.00460217,0.027234,0.00440842,84.45,2.86804,84.18,2.79569
{19:19},offline,softmax,5000,0,0.9,0.027211,0.00131598,0.028095,0.00113244,85.28,0.464489,84.18,0.370885
{23:23:23},offline,softmax,5000,1,0.7,0.0382315,0.0206468,0.0404166,0.0192553,85075,8.29105,84.2,7.32556
{19},offline,softmax,5000,1,0.7,0.0548627,0.00184906,0.0565298,0.00180618,84.74,0.655172,84.2467,0.695062
{21:21},offline,softmax,5000,0,0.9,0.0271125,0.000616735,0.0280206,0.000490783,85.02,0.587739,84.28,0.428563
{23:23:23},offline,softmax,5000,1,0.6,0.0370272,0.0549951,0.0406792,0.053082,86025,21.9204,84.3,20867
{22:22},offline,softmax,5000,0,0.8,0.0251919,0.00423815,0.0262361,0.00421061,85.45,3.78826,84.3067,3.42096
{11:11},offline,softmax,5000,1,0.7,0.0459741,0.0208887,0.047709,0.0198533,84.83,6.4908,84.3133,6.08265
{12},offline,softmax,5000,1,0.8,0.0541587,0.0226254,0.056317,0.021175,85.49,5.29016,84.3467,4.67871
{18:18},offline,softmax,5000,1,0.7,0.0428068,0.0148666,0.044412,0.0139936,85085,5.15932,84.3533,4.84599
{16:16},offline,softmax,5000,1,0.9,0.0385718,0.024881,0.0410517,0.0240108,85.73,9.4916,84.3867,8.83184
{20},offline,softmax,5000,1,0.8,0.0514505,0.0232986,0.0539827,0.0212558,85.8,6.33485,84.3867,5.60221
{14:14},offline,softmax,5000,1,0.8,0.0431068,0.0199485,0.0453049,0.0184465,85125,6.70664,84.3933,5.98681
{24:24:24},offline,sigmoid,5000,0,0.7,0.0299916,0.0110309,0.0306893,0.0107749,84775,5.1189,84.4067,4.63378
{17:17},offline,softmax,5000,0,0.9,0.028133,0.0015766,0.0289934,0.00141162,84905,0.624099,84.42,0.57908
{21:21},offline,softmax,5000,1,0.9,0.0393678,0.022714,0.0418135,0.0215671,85.83,8.77764,84.4333,8.14211
{13},offline,softmax,5000,1,0.7,0.0523331,0.0039799,0.0541133,0.00402089,85135,1.00601,84.5067,1.09504
{20:20:20},offline,softmax,5000,1,0.8,0.0392323,0.0214548,0.0417358,0.0194505,85.33,8.81744,84.5133,7807
{25:25:25},offline,softmax,5000,1,0.6,0.0391869,0.0222896,0.0414902,0.0198478,85.38,9.16475,84.5533,8.35419
{17},offline,softmax,5000,1,0.8,0.0519045,0.0226472,0.05429,0.0208774,85525,6.01537,84.5733,5.37997
{12:12:12},offline,sigmoid,5000,0,0.6,0.0265811,0.0034982,0.0271071,0.00344455,84865,2.21885,84.66,1.99407
{16:16:16},offline,sigmoid,5000,0,0.7,0.0273647,0.00517651,0.0280727,0.00486107,85085,2.1685,84.6733,2.0139
{9},offline,sigmoid,5000,0,0.6,0.0281257,0.00105301,0.0291031,0.00090553,86.2,0.40039,84.6733,0.453015
{13:13},offline,softmax,5000,1,0.8,0.0426269,0.0173896,0.0444617,0.0161944,85495,5.36078,84.68,4.6998
{10:10},offline,softmax,5000,0,0.8,0.0264989,0.00506522,0.027282,0.00488462,85185,2.61961,84.7067,2.34821
{8},offline,softmax,5000,1,0.8,0.0479445,0.0244954,0.0504309,0.0234734,86155,5.42452,84.7267,4.95476
{15:15},offline,softmax,5000,1,0.9,0.0371539,0.0249312,0.0407885,0.0216682,86545,9.4286,84.7533,8.27203
{14},offline,softmax,5000,1,0.8,0.0529282,0.0226265,0.0550078,0.0204525,85.64,5.79923,84.76,4.90393
{14:14:14},offline,sigmoid,5000,0,0.7,0.0266364,0.00500653,0.0273772,0.00467107,85.57,1.86014,84.8267,1.43264
{15:15:15},offline,sigmoid,5000,0,0.6,0.0271426,0.00315053,0.0276383,0.00319984,85095,1.93386,84.8333,2.10053
{12:12:12},offline,sigmoid,5000,0,0.7,0.0259791,0.0053285,0.0265253,0.0052277,85.12,2.73338,84.8733,2.49181
{17:17:17},offline,softmax,5000,1,0.6,0.0379342,0.0186965,0.0404033,0.0161901,85765,7.42101,84.8733,6.03344
{23:23},offline,softmax,5000,0,0.8,0.0255777,0.00124902,0.0265677,0.00133908,85.71,1.14231,84.9,0.845905
{6},offline,sigmoid,5000,0,0.9,0.0273695,0.00122481,0.0283792,0.00111809,85795,1.03386,84.9,0.757555
{25:25:25},offline,sigmoid,5000,0,0.8,0.0273907,0.0166839,0.0284619,0.0157972,86.08,7.68845,84.9067,6.93123
{13:13},offline,softmax,5000,1,0.7,0.0421385,0.0156414,0.0437973,0.0150261,85.72,5.07098,84.9133,5.03061
{25:25},offline,softmax,5000,1,0.8,0.0376272,0.0229411,0.0407644,0.0206791,86.57,8.73932,84.9133,7.53619
{11},offline,sigmoid,5000,0,0.6,0.0266978,0.0015257,0.0280472,0.00163213,86.34,0.565575,84.9133,0.713987
{8},offline,sigmoid,5000,0,0.8,0.0275975,0.00421403,0.0285724,0.00398382,85.91,2.85846,84.92,2.65671
{7:7},offline,softmax,5000,1,0.7,0.0384796,0.0220002,0.0407225,0.0209277,86.17,6.67475,84.9267,6.34728
{22:22:22},offline,softmax,5000,1,0.9,0.0385074,0.021717,0.040467,0.0202218,85.44,7.98956,84.9267,6.96485
{10},offline,sigmoid,5000,0,0.7,0.0261574,0.00209742,0.0274106,0.00203413,86.19,1.14231,84.9267,0.706085
{11:11},offline,softmax,5000,0,0.8,0.0259653,0.00347427,0.0266096,0.00354524,85.94,1.9067,84.9667,2.11042
{12},offline,softmax,5000,1,0.9,0.0498358,0.027381,0.0523709,0.0257014,86365,6.24716,84.9733,5.57945
{8:8},offline,softmax,5000,1,0.6,0.0419122,0.0161703,0.0439048,0.0151299,85835,4.68724,85.0133,3.5685
{25:25},offline,softmax,5000,0,0.8,0.0250241,0.00106694,0.0261431,0.00109014,86.06,0.784737,85.02,0.61896
{20:20:20},offline,sigmoid,5000,0,0.7,0.0269515,0.00900977,0.0278135,0.00861692,85635,4.04759,85.0333,3.71984
{21:21:21},offline,sigmoid,5000,0,0.6,0.0267094,0.00393249,0.0273983,0.00383303,85475,2.2949,85.1533,1.80364
{8},offline,softmax,5000,1,0.7,0.0497942,0.0175678,0.0517659,0.0170394,86005,3.71885,85.16,3.55398
{11},offline,softmax,5000,1,0.9,0.0486172,0.0315502,0.0513299,0.0293765,86325,7.92291,85.2067,6.95906
{10:10},offline,sigmoid,5000,0,0.6,0.0260678,0.0039308,0.0267642,0.00371629,85295,2.10657,85.24,1.78051
{14:14},offline,softmax,5000,1,0.7,0.0393477,0.0201674,0.0418725,0.0174518,86115,7.01863,85.2667,5.80498
{15},offline,sigmoid,5000,0,0.6,0.0259958,0.00191837,0.0275151,0.00187002,86585,1.19734,85.28,1.03107
{20:20},offline,softmax,5000,0,0.8,0.0252762,0.000519004,0.0262665,0.000717952,85.77,0.422936,85.2933,0.577062
{14:14:14},offline,sigmoid,5000,0,0.6,0.0259307,0.00226354,0.0265928,0.00211835,85.84,1.16063,85.2933,1.12852
{16:16},offline,softmax,5000,1,0.7,0.0393081,0.0192853,0.041604,0.0176236,86.4,7.19481,85.3133,6.34226
{9:9},offline,softmax,5000,0,0.7,0.0240771,0.00589815,0.0249461,0.00573714,86185,3.1119,85.34,2.86341
{18:18},offline,softmax,5000,0,0.8,0.0252916,0.00157174,0.0261389,0.00162797,86.11,0.872067,85.38,1.04313
{24:24},offline,softmax,5000,0,0.8,0.0260545,0.00138306,0.0269123,0.00123524,85855,0.777697,85.4,0.492725
{14},offline,sigmoid,5000,0,0.6,0.0260735,0.00126867,0.0274428,0.00113794,86875,0.541987,85.4133,0.583857
{13:13},offline,softmax,5000,0,0.8,0.0255832,0.00120536,0.0263831,0.00114534,85975,0.730368,85.4333,0.524404
{7:7},offline,softmax,5000,0,0.7,0.0252257,0.00388198,0.0258172,0.00394353,85.91,1.72777,85.44,1.75822
{15:15},offline,softmax,5000,0,0.8,0.0245601,0.0017624,0.025365,0.00187188,85845,1.18366,85.4467,1.31795
{14:14},offline,softmax,5000,0,0.8,0.0244619,0.00165748,0.0252572,0.001696,85995,0.969117,85.4533,1.08208
{12},offline,sigmoid,5000,0,0.6,0.0259552,0.00132863,0.0271297,0.0014587,86.63,0.998029,85.46,1.44018
{12:12},offline,softmax,5000,0,0.8,0.0254666,0.0018943,0.0261762,0.00203207,85645,1.40149,85.4867,1.41531
{17:17},offline,softmax,5000,0,0.8,0.0255332,0.00149081,0.0264285,0.00133002,86.04,0.72124,85.5267,0.495199
{25:25},offline,softmax,5000,1,0.7,0.0390916,0.0168711,0.0415882,0.0157642,86765,5.5652,85.54,4.8831
{21:21:21},offline,softmax,5000,1,0.8,0.0372738,0.0173936,0.0386859,0.0172424,86.06,6.71762,85.56,6.39624
{13},offline,sigmoid,5000,0,0.6,0.0256099,0.00173829,0.0268604,0.00169079,86815,0.914399,85.5867,0.82516
{9:9},offline,sigmoid,5000,0,0.6,0.0257818,0.00268652,0.0266311,0.00280716,86365,1.64142,85.6,1.11305
{16:16},offline,softmax,5000,0,0.8,0.0242826,0.00140517,0.0252397,0.00153129,86.4,0.999218,85.6067,1.01061
{19:19},offline,softmax,5000,0,0.8,0.0244136,0.00127504,0.0253405,0.00105731,86715,0.618617,85.62,0.482816
{9},offline,softmax,5000,1,0.7,0.0490838,0.0169665,0.0509603,0.0155346,86615,3.68674,85.64,3.13053
{8},offline,sigmoid,5000,0,0.9,0.0259436,0.0040303,0.0269429,0.00381387,86745,2.61285,85.6867,2.58356
{15:15},offline,softmax,5000,1,0.8,0.0367883,0.020692,0.0390921,0.0196497,86.67,7.74745,85.72,7.35922
{8:8},offline,sigmoid,5000,0,0.8,0.0232382,0.00347612,0.0240099,0.00334729,86375,1.74973,85.7333,1.72611
{25:25:25},offline,sigmoid,5000,0,0.7,0.0263118,0.0142241,0.0273507,0.0134437,86.77,6.0567,85.7533,5.19501
{10:10},offline,softmax,5000,1,0.7,0.0369822,0.0151982,0.0391495,0.01378,86655,5.33805,85.76,4.48029
{9},offline,sigmoid,5000,0,0.7,0.0255897,0.000808044,0.0266887,0.000687223,87065,0.418554,85.76,0.601572
{10},offline,sigmoid,5000,0,0.8,0.0243249,0.00175814,0.0256194,0.00168135,87075,1.05786,85.78,0.662738
{21:21},offline,softmax,5000,0,0.8,0.0244207,0.00086022,0.0253519,0.000764072,86.54,0.63433,85.8,0.514782
{14},offline,softmax,5000,1,0.9,0.045876,0.0314157,0.0489271,0.0288033,87295,8.22833,85.8,7.08974
{9:9},offline,softmax,5000,1,0.6,0.0364685,0.0217363,0.039035,0.020232,87015,7.68311,85.8067,6.98631
{11},offline,sigmoid,5000,0,0.7,0.0244227,0.00129558,0.0258862,0.00144117,87395,0.528973,85.8067,0.495199
{7},offline,softmax,5000,1,0.6,0.0433926,0.0128369,0.0453265,0.0123594,86625,2.47544,85.84,2.03721
{24:24:24},offline,softmax,5000,1,0.9,0.0288089,0.0303252,0.0336732,0.0272007,88.17,13.6343,85.8467,12.9092
{16},offline,sigmoid,5000,0,0.6,0.0246984,0.00140136,0.0260716,0.00141567,87365,0.996964,85.8533,1.01259
{8:8},offline,softmax,5000,1,0.7,0.0377654,0.0159599,0.0397902,0.0154406,86685,5.03381,85.8667,4.37315
{12},offline,softmax,5000,1,0.7,0.0480208,0.018887,0.0501474,0.0177785,87.01,4.42919,85.8667,3.84852
{23:23},offline,softmax,5000,1,0.7,0.0382267,0.019444,0.0410007,0.0166848,86.99,6.81732,85.8867,5.74324
{18:18:18},offline,sigmoid,5000,0,0.6,0.0251862,0.00221774,0.0258783,0.00219435,86285,0.978775,85.9067,0.896413
{16:16:16},offline,softmax,5000,1,0.9,0.0338995,0.0178512,0.03632,0.0161796,86975,7.88765,85.94,6.8681
{19:19:19},offline,sigmoid,5000,0,0.6,0.0242525,0.00335877,0.0249456,0.00335627,86.51,2.10562,85.96,1.6689
{17:17:17},offline,sigmoid,5000,0,0.7,0.0257338,0.00662527,0.0265237,0.00644127,86.51,2.36118,85.9667,1.99513
{21:21},offline,softmax,5000,1,0.8,0.0329301,0.0198207,0.0360471,0.0173559,87.12,8.59163,85.9867,7.1708
{7},offline,softmax,5000,1,0.8,0.041474,0.0255822,0.0437931,0.0242877,86975,5.63585,86.0267,5.03964
{17},offline,sigmoid,5000,0,0.6,0.0244949,0.00179838,26,0.00181206,87465,0.6535,86.0267,0.619767
{11:11},offline,sigmoid,5000,0,0.6,0.0242997,0.00444121,0.0250714,0.0043603,86.95,2.58058,86.0733,2.33469
{9:9},offline,softmax,5000,1,0.8,0.0347422,0.0221182,0.0378108,0.0200106,87.36,7.89621,86.1133,7.15563
{20},offline,softmax,5000,1,0.9,0.0439719,0.0321628,0.0472566,0.0301527,87.83,8.81595,86.16,8.17402
{12},offline,sigmoid,5000,0,0.7,0.023821,0.00114956,0.0251096,0.0012741,87.68,0.655601,86.1667,0.966667
{20},offline,softmax,5000,1,0.7,0.0453186,0.01941,0.0478649,0.0176937,87.38,5.35497,86.18,4.65347
{9:9},offline,softmax,5000,1,0.7,0.0370838,0.0171993,0.0392228,0.015968,87,5.10107,86.24,4.28961
{23:23},offline,softmax,5000,1,0.6,0.0379866,0.0329796,0.0412128,0.0313993,87.94,10.2962,86.2667,9.7503
{9},offline,softmax,5000,1,0.8,0.0459465,0.0260851,0.0482108,0.0243111,87.43,5.73524,86.28,5.11385
{20},offline,sigmoid,5000,0,0.6,0.024349,0.00116247,0.0258448,0.00112588,87.9,0.291011,86.2933,0.5809
{16:16:16},offline,sigmoid,5000,0,0.6,0.0243643,0.00201452,0.0250389,0.0018136,86745,1.04274,86.3,0.773161
{15},offline,sigmoid,5000,0,0.7,0.0235968,0.00143691,0.0252323,0.001365,87755,0.90163,86.3133,0.701823
{22:22},offline,softmax,5000,0,0.7,0.0215714,0.00427013,0.0226878,0.00419897,87.48,3.54416,86.34,3.44532
{6},offline,softmax,5000,0,0.6,0.0218308,0.00294375,0.0229032,0.00293286,87365,2.33403,86.3733,2.02531
{9},offline,sigmoid,5000,0,0.8,0.0237957,0.00080301,0.0250031,0.000677088,87775,0.251868,86.3733,0.514997
{16},offline,softmax,5000,1,0.7,0.0444528,0.0178479,0.0469285,0.0162266,87725,4.72225,86.4133,3.8134
{18},offline,sigmoid,5000,0,0.6,0.0243716,0.00117521,0.0259375,0.00111851,87925,0.528855,86.44,0.63526
{10},offline,sigmoid,5000,0,0.9,0.0228896,0.00157321,0.0242179,0.00150111,87695,1.00877,86.4533,0.669826
{16:16},offline,softmax,5000,1,0.8,0.0360841,0.0243833,0.0386517,0.0229836,87.61,8.34934,86.48,7.57439
{14},offline,sigmoid,5000,0,0.7,0.023596,0.000942312,0.0250761,0.000805632,88085,0.409115,86.48,0.414059
{15},offline,softmax,5000,1,0.7,0.0449623,0.018711,0.0473296,0.017145,87355,4.88273,86.48,4.08395
{23:23:23},offline,sigmoid,5000,0,0.7,0.0236079,0.0105226,0.0246034,0.0102182,87435,4.47781,86.5067,4.27099
{17:17:17},offline,sigmoid,5000,0,0.6,0.025455,0.00214675,0.0261358,0.00210764,86.93,0.977145,86.5267,1.21504
{16},offline,softmax,5000,1,0.8,0.0423575,0.0281499,0.0456223,0.0260582,88435,7.28283,86.5267,6.47587
{24:24:24},offline,sigmoid,5000,0,0.6,0.0246786,0.00730245,0.0254967,0.00709976,87.4,2.49581,86.5333,2.13996
{17},offline,softmax,5000,1,0.7,0.0443162,0.0179154,0.0468433,0.0162827,87515,4.75781,86.5467,4.12112
{22},offline,sigmoid,5000,0,0.6,0.0231615,0.0010894,0.024755,0.000974426,88435,0.927463,86.5533,0.685403
{13},offline,sigmoid,5000,0,0.7,0.0233938,0.00134356,0.0247329,0.00133535,87935,0.601716,86.56,0.658027
{23:23:23},offline,sigmoid,5000,0,0.6,0.0240846,0.00379174,0.0247954,0.00380112,86.93,1.56379,86.5667,1.66617
{25:25:25},offline,sigmoid,5000,0,0.6,0.0250369,0.00809976,0.0258543,0.00773968,87105,3.33084,86.5867,2.81312
{11},offline,sigmoid,5000,0,0.8,0.0227361,0.00113124,0.024267,0.00129123,88175,0.646867,86.68,0.779459
{23:23},offline,softmax,5000,0,0.7,0.022054,0.00132939,0.0231027,0.00139393,87725,1.18229,86.7067,1.02778
{11:11},offline,softmax,5000,0,0.7,0.0223997,0.00328475,0.0230746,0.00333391,87475,2.08094,86.72,1.88688
{9},offline,sigmoid,5000,0,0.9,0.0225116,0.00080715,0.0238229,0.000658613,88.42,0.27636,86.7333,0.481318
{7:7},offline,softmax,5000,0,0.6,0.0219909,0.00361906,0.0225859,0.00364329,87185,2.0622,86.74,1.76547
{10:10},offline,softmax,5000,1,0.9,0.0325258,0.0192217,0.0352094,0.0170847,87.88,7.87042,86.7733,6.93199
{8:8},offline,sigmoid,5000,0,0.9,0.0211744,0.00297895,0.0220615,0.00287804,87525,1.79904,86.78,1.5176
{13:13},offline,softmax,5000,1,0.9,0.0344015,0.0236057,0.0376612,0.0209683,88235,7.97419,86.8133,6.66161
{20:20},offline,softmax,5000,0,0.7,0.0216904,0.000669642,0.0227222,0.00088085,87675,0.627993,86.84,0.790007
{12},offline,sigmoid,5000,0,0.8,0.0221878,0.00103505,0.0235718,0.00115847,88.53,0.689973,86.8467,0.777675
{21},offline,sigmoid,5000,0,0.6,0.0231052,0.000532486,0.0247507,0.000491142,88475,0.409649,86.8533,0.451294
{10:10},offline,sigmoid,5000,0,0.7,0.0221908,0.00264922,0.0229416,0.00247569,87305,1.6714,86.86,1.3139
{25:25},offline,softmax,5000,0,0.7,0.0215627,0.00131774,0.022704,0.00142609,88.04,0.92053,86.8733,0.610282
{24},offline,sigmoid,5000,0,0.6,0.02349,0.00123056,0.0251574,0.00119972,88.61,0.615325,86.8867,0.707735
{24:24},offline,softmax,5000,0,0.7,0.0225579,0.00168539,0.0234822,0.00154976,87675,0.814325,86.9333,0.721495
{23},offline,sigmoid,5000,0,0.6,0.0230028,0.000660326,0.0246281,0.000657191,88.79,0.247235,86.9467,0.564013
{25},offline,sigmoid,5000,0,0.6,0.0230559,0.00117885,0.0247051,0.00117746,88.71,0.685246,86.9533,0.904495
{16},offline,sigmoid,5000,0,0.7,0.0224641,0.00124949,0.023931,0.00133687,88.64,0.908914,86.9667,1.09036
{18:18},offline,softmax,5000,1,0.9,0.0340738,0.0208261,0.0367908,0.018974,88075,7.39007,87.02,6.50396
{15},offline,sigmoid,5000,0,0.8,0.0218312,0.00112385,0.0235452,0.00102615,88615,0.642164,87.02,0.59095
{12:12},offline,softmax,5000,0,0.7,0.0220469,0.00179854,0.0227855,0.00193438,87285,1.39492,87.0267,1.25663
{9:9},offline,softmax,5000,0,0.6,0.0211973,0.00396797,0.0220904,0.00387825,87.68,2.47875,87.04,2.02202
{6},offline,softmax,5000,1,0.8,0.0342077,0.0186063,0.0372185,0.0178042,88695,4.24884,87.04,3.48317
{22:22:22},offline,sigmoid,5000,0,0.6,0.0230789,0.00601148,0.0240372,0.00572749,87795,2.46851,87.0467,1.8605
{6},offline,softmax,5000,0,0.7,0.0199186,0.00254823,0.0210305,0.00244404,88385,2.19528,87.0867,1.67674
{19},offline,sigmoid,5000,0,0.6,0.0237303,0.00114137,0.0252485,0.00106365,88.36,0.483671,87.1067,0.367726
{7},offline,softmax,5000,0,0.6,0.0199099,0.00144732,0.0211248,0.00176171,88.4,0.936249,87.12,0.800555
{8:8},offline,softmax,5000,0,0.6,0.0205,0.00184391,0.021403,0.00177167,87795,1.05407,87.1267,1.07636
{16:16},offline,softmax,5000,0,0.7,0.0204761,0.00127286,0.0215146,0.0013356,88155,1.00862,87.1267,0.795613
{17},offline,sigmoid,5000,0,0.7,0.0223562,0.00136408,0.0239387,0.00137511,88.49,0.516176,87.1267,0.514458
{18:18},offline,softmax,5000,0,0.7,0.0218012,0.00165861,0.0227282,0.00168106,87875,1.00701,87.16,0.872226
{11},offline,sigmoid,5000,0,0.9,0.0214143,0.00104436,0.0229851,0.00121126,88755,0.647447,87.16,0.808428
{17:17},offline,softmax,5000,0,0.7,0.0219882,0.00135099,0.0229048,0.00121122,87985,0.660634,87.1733,0.475745
{13},offline,sigmoid,5000,0,0.8,0.0217367,0.00107575,0.0231282,0.00110431,88795,0.463479,87.18,0.728621
{13:13},offline,softmax,5000,0,0.7,0.0219034,0.00132737,0.0226875,0.00129163,87755,0.712697,87.2133,0.646615
{19:19},offline,softmax,5000,0,0.7,0.0208411,0.00110482,0.0218064,0.000900188,88365,0.628142,87.2533,0.509139
{22:22},offline,softmax,5000,1,0.6,0.0317215,0.0247924,0.0354111,0.0220615,89225,8.64706,87.2733,7.36759
{14:14},offline,softmax,5000,0,0.7,0.0209094,0.001722,0.0217289,0.00176607,88.13,1.03794,87.2933,1.16509
{10:10},offline,softmax,5000,1,0.6,0.0342093,0.020574,0.0369427,0.018767,88.52,6.64597,87.3067,6.00959
{14},offline,sigmoid,5000,0,0.8,0.0217934,0.000762802,0.0233387,0.000654777,88.86,0.28918,87.3067,0.431663
{12:12},offline,sigmoid,5000,0,0.6,0.0227412,0.00283736,0.0234155,0.00256913,87.65,1.02424,87.32,0.534166
{9:9},offline,sigmoid,5000,0,0.7,0.0221394,0.0022518,0.0230323,0.00235347,88055,1.40472,87.36,0.843076
{20},offline,sigmoid,5000,0,0.7,0.0221164,0.000945957,0.0237018,0.000892164,88.95,0.38931,87.36,0.53562
{17:17},offline,softmax,5000,1,0.9,0.029379,0.0275944,0.0335838,0.0249872,89435,10411,87.38,9.25114
{18},offline,sigmoid,5000,0,0.7,0.0223042,0.00105117,0.0239582,0.000951618,88.94,0.547323,87.3867,0.543957
{15},offline,softmax,5000,1,0.8,0.0401005,0.0265712,0.0433146,0.0244484,88725,7.11389,87.3933,5.76789
{15},offline,sigmoid,5000,0,0.9,0.0204577,0.000930748,0.02223,0.000815865,89.21,0.528441,87.4,0.390868
{15:15},offline,softmax,5000,0,0.7,0.0207762,0.00220755,0.0216628,0.00229684,87895,1.50067,87.4067,1.59677
{23:23},offline,softmax,5000,1,0.9,0.0297865,0.0152949,0.0321322,0.0144096,88435,7.15517,87.4267,6.39594
{20:20:20},offline,sigmoid,5000,0,0.6,0.021978,0.00506399,0.0229068,0.00474668,88395,2.43409,87.4333,2.00458
{12},offline,sigmoid,5000,0,0.9,0.0208469,0.000982837,0.022308,0.00110064,89125,0.630228,87.5,0.643342
{7},offline,softmax,5000,1,0.9,0.0325746,0.0184438,0.0355121,0.017211,89135,3.92224,87.54,3.55554
{10:10},offline,softmax,5000,0,0.7,0.0195645,0.00417894,0.0206536,0.00380116,88605,1.77882,87.5667,1.35051
{22},offline,sigmoid,5000,0,0.7,0.0211189,0.000977827,0.0227896,0.00088271,89545,0.883954,87.6533,0.56598
{21},offline,sigmoid,5000,0,0.7,0.0208907,0.000220138,0.022601,0.000206703,89435,0.388346,87.6667,0.479004
{21:21},offline,softmax,5000,0,0.7,0.0208523,0.00116273,0.0217775,0.0010728,88.24,0.616593,87.6733,0.604796
{6},offline,softmax,5000,0,0.8,0.018527,0.00215832,0.0196805,0.0019728,89095,1.6308,87.68,1.43306
{7},offline,softmax,5000,0,0.7,0.0184218,0.00145127,0.0197327,0.00176502,89.05,0.797065,87.68,0.719413
{9:9},offline,sigmoid,5000,0,0.9,0.0210281,0.00521161,0.0220912,0.00505878,88.85,2.54073,87.7267,2.03093
{16},offline,sigmoid,5000,0,0.8,0.020754,0.00116223,0.0222893,0.00130281,89435,0.673053,87.74,1.06703
{24},offline,sigmoid,5000,0,0.7,0.0213379,0.00102881,0.0230984,0.00100669,89875,0.434813,87.76,0.811857
{17},offline,sigmoid,5000,0,0.8,0.02072,0.00107766,0.022334,0.00107611,89365,0.488173,87.7667,0.383695
{10:10},offline,softmax,5000,1,0.8,0.0312511,0.0153962,0.0334852,0.0136579,88595,5.36451,87.7867,4.49262
{22:22},offline,softmax,5000,1,0.7,0.0296649,0.0216861,0.0330904,0.019446,89.44,7.63161,87.8,6.75014
{7:7},offline,softmax,5000,1,0.6,0.0298253,0.0148459,0.0326143,0.013601,89.18,5.0415,87.8133,4.08647
{25},offline,sigmoid,5000,0,0.7,0.0210664,0.00098227,0.0228167,0.00103369,89855,0.61043,87.82,0.626543
{17:17},offline,softmax,5000,1,0.8,0.0279235,0.0227199,0.032016,0.0201011,89.99,8.32197,87.84,7.08466
{21:21},offline,softmax,5000,1,0.6,0.0296284,0.0220719,0.0331033,0.0196311,89.61,8.23652,87.8667,6.93089
{9:9},offline,sigmoid,5000,0,0.8,0.0208916,0.00317246,0.0218865,0.00301116,88.7,1.70486,87.8933,1.27593
{13},offline,sigmoid,5000,0,0.9,0.0204254,0.000921144,0.0218573,0.000972803,89515,0.378153,87.9,0.489898
{20},offline,sigmoid,5000,0,0.8,0.0204197,0.000841878,0.0220806,0.000778733,89.72,0.368867,87.92,0.318503
{9},offline,softmax,5000,1,0.6,0.0358182,0.0154934,0.0381638,0.0141787,88965,4.01542,87.9333,3.48178
{22},offline,softmax,5000,1,0.9,0.0334295,0.0345413,0.037815,0.0320162,90.32,10.1359,87.9333,9.2026
{23},offline,sigmoid,5000,0,0.7,0.0208981,0.000706055,0.0226164,0.00071881,89875,0.283395,87.9533,0.622986
{14},offline,softmax,5000,1,0.7,0.0379224,0.0226707,0.0406566,0.0204956,89235,5.99019,87.96,5.0451
{19},offline,sigmoid,5000,0,0.7,0.0214738,0.00102204,0.0230511,0.000929606,89465,0.460502,87.96,0.4585
{14},offline,sigmoid,5000,0,0.9,0.0204198,0.000697275,0.022009,0.00066349,89.49,0.282068,87.9733,0.434869
{18},offline,sigmoid,5000,0,0.8,0.0206418,0.00089787,0.0223607,0.000782429,89775,0.417582,88.0333,0.250555
{7},offline,softmax,5000,0,0.8,0.0174041,0.00143822,0.0187829,0.0017448,89.56,0.734549,88.0533,0.673135
{6},offline,softmax,5000,0,0.9,0.0175221,0.00185277,0.0187343,0.00162902,89.56,1.20359,88.1,1.04722
{11:11},offline,sigmoid,5000,0,0.7,0.0204674,0.00319588,0.0213508,0.00302325,88995,1.70948,88.14,1.57646
{8},offline,softmax,5000,1,0.9,0.0317733,0.022739,0.0351841,0.0217556,89905,4.39433,88.2,4.24631
{17},offline,sigmoid,5000,0,0.9,0.019392,0.000873667,0.0210258,0.000888478,90.03,0.332321,88.2267,0.192065
{24:24},offline,softmax,5000,1,0.7,0.0289958,0.0217258,0.032293,0.0201799,89705,7.76676,88.26,6.7364
{13},offline,softmax,5000,1,0.9,0.0348778,0.0292778,0.0386715,0.0273012,89835,7.35762,88.2667,6.76597
{24:24},offline,softmax,5000,1,0.9,0.0279288,0.0218088,0.0318989,0.0184941,90.09,8.35536,88.3,6.79387
{7},offline,softmax,5000,0,0.9,0.0166351,0.00139148,0.0180732,0.00168723,89.95,0.704672,88.3067,0.755498
{8},offline,softmax,5000,0,0.6,0.0176882,0.000547206,0.0188954,0.000543598,89.66,0.230895,88.3133,0.327109
{20:20},offline,softmax,5000,1,0.8,0.0298606,0.00922415,0.0318566,0.00890732,89355,3.42821,88.32,3.44356
{16},offline,sigmoid,5000,0,0.9,0.0193887,0.00111159,0.0209707,0.00127203,90015,0.509473,88.32,1.06395
{21},offline,sigmoid,5000,0,0.8,0.0192233,0.000188976,0.020976,0.000249765,90.16,0.378153,88.36,0.421242
{22:22},offline,softmax,5000,1,0.9,0.0288247,0.0209103,0.0317381,0.0198467,89765,7134,88.3933,6.74839
{24},offline,sigmoid,5000,0,0.8,0.0196,0.000879415,0.0214337,0.000862232,90.59,0.497368,88.4533,0.665248
{22},offline,sigmoid,5000,0,0.8,0.0194973,0.000914272,0.021225,0.000827681,90375,0.853669,88.4733,0.476911
{20},offline,sigmoid,5000,0,0.9,0.019059,0.000781047,0.0207849,0.000709648,90.43,0.292297,88.5,0.222361
{13:13},offline,sigmoid,5000,0,0.6,0.0203501,0.00263863,0.021147,0.00266245,89175,1.63974,88.5333,1.62891
{21},offline,softmax,5000,1,0.9,0.0325044,0.0327616,0.0370196,0.0304443,90.96,9.24918,88.56,8.35289
{12:12},offline,sigmoid,5000,0,0.7,0.0192667,0.00170737,0.0200274,0.00142076,89545,0.357684,88.6333,0.149071
{9},offline,softmax,5000,0,0.6,0.0165359,0.000863673,0.0180693,0.0010012,90575,0.548008,88.68,0.459831
{25},offline,sigmoid,5000,0,0.8,0.0194796,0.000799062,0.0213168,0.000898404,90.76,0.542736,88.6867,0.678069
{6},offline,softmax,5000,1,0.9,0.0260189,0.00337418,0.029643,0.00261179,90.61,1.32247,88.72,1.2112
{18},offline,sigmoid,5000,0,0.9,0.0192829,0.000771021,0.0210604,0.000663809,90.37,0.350624,88.72,0.257768
{23},offline,sigmoid,5000,0,0.8,0.0192332,0.000732761,0.0210215,0.000745093,90725,0.277826,88.7333,0.527046
{14:14},offline,sigmoid,5000,0,0.6,0.0184469,0.00107273,0.0194477,0.00116157,90.07,1.02719,88.7733,0.792114
{19},offline,sigmoid,5000,0,0.8,0.0197555,0.000956837,0.0213659,0.000862603,90.27,0.612985,88.7867,0.580038
{8},offline,softmax,5000,0,0.7,0.0163727,0.000481578,0.017689,0.000516474,90385,0.36168,88.8,0.364387
{12:12},offline,softmax,5000,1,0.6,0.0291461,0.0220017,0.0324928,0.0198354,90.22,7.22626,88.82,6.16471
{15},offline,softmax,5000,1,0.9,0.0319578,0.0293163,0.0365616,0.0266513,90925,7.97349,88.82,6.82844
{21},offline,sigmoid,5000,0,0.9,0.0179087,0.000300386,0.0196936,0.000386808,90765,0.510392,88.8333,0.540062
{10:10},offline,softmax,5000,0,0.6,0.0169734,0.00259146,0.0180734,0.00234649,89.8,1.65303,88.8733,1.40562
{13},offline,softmax,5000,1,0.8,0.0320406,0.0249194,0.0357134,0.0232087,90625,6.5279,88.9333,5.74413
{15:15},offline,sigmoid,5000,0,0.6,0.0187125,0.00143624,0.019731,0.00142245,89.8,1.15285,88.9533,0.852643
{20:20},offline,softmax,5000,1,0.9,0.0259112,0.0212182,0.0303695,0.0173315,90.78,7.97299,88.96,6.22724
{11:11},offline,sigmoid,5000,0,0.8,0.0176144,0.00227637,0.0186085,0.00206418,90.09,1.43892,88.9867,1.23414
{22},offline,sigmoid,5000,0,0.9,0.0181549,0.000872632,0.0199357,0.000792099,91,0.731651,88.9933,0.40784
{10:10},offline,sigmoid,5000,0,0.9,0.0172952,0.00137032,0.0182818,0.00122417,89815,1.09809,89.0067,0.795264
{24:24:24},offline,softmax,5000,1,0.6,0.0264984,0.0135987,0.0286698,0.0132829,90015,5.51375,89.0467,5.11461
{8},offline,softmax,5000,0,0.8,0.015449,0.000430992,0.0168685,0.0004981,90.85,0.454148,89.06,0.427785
{25},offline,softmax,5000,1,0.6,0.0326717,0.0201944,0.0362199,0.0181424,90665,5.87549,89.06,4.9414
{24},offline,sigmoid,5000,0,0.9,0.0181422,0.000762964,0.0200369,0.000742956,91.21,0.345778,89.0733,0.691777
{14:14},offline,softmax,5000,1,0.9,0.0269404,0.0122299,0.0298342,0.00924124,90.22,4.81165,89.0867,3.87087
{9},offline,softmax,5000,0,0.7,0.0151144,0.000674066,0.0167987,0.000801822,91.37,0.415482,89.1,0.523344
{23:23},offline,softmax,5000,0,0.6,0.0170616,0.00160173,0.0182209,0.00158422,90.38,1.08259,89.1467,1.03564
{11},offline,softmax,5000,0,0.6,0.0155356,0.000366773,0.0171964,0.000447044,91215,0.143178,89.16,0.417266
{10},offline,softmax,5000,0,0.6,0.0162315,0.000785022,0.0177448,0.000770896,90855,0.483606,89.1667,0.442844
{22},offline,softmax,5000,1,0.6,0.0315177,0.0181502,0.034747,0.0166971,90795,5.41561,89.1667,4.74669
{24},offline,softmax,5000,1,0.8,0.0312554,0.0314185,0.0356539,0.0292815,91.49,8.67074,89.1933,7.74351
{22:22},offline,softmax,5000,0,0.6,0.0154965,0.00502158,0.0170114,0.00481907,90.79,3.77097,89.2333,3.5084
{18:18},offline,softmax,5000,0,0.6,0.0168532,0.00172183,0.0179212,0.00164129,90345,1.19731,89.2733,0.943516
{19},offline,softmax,5000,1,0.8,0.0310062,0.0289122,0.0353856,0.0264485,91.28,7.99889,89.3067,6.69193
{11:11},offline,softmax,5000,0,0.6,0.0163452,0.00168441,0.0171364,0.00145012,90275,0.962419,89.3267,0.383985
{8},offline,softmax,5000,0,0.9,0.0147451,0.000392452,0.0162619,0.000481449,91205,0.422197,89.3267,0.460917
{23},offline,sigmoid,5000,0,0.9,0.0178648,0.00074092,0.0197123,0.000746577,91305,0.320839,89.3267,0.528835
{13:13},offline,softmax,5000,1,0.6,0.0275585,0.0264384,0.0317986,0.0238336,91.15,8.12369,89.34,7.05657
{19:19},offline,softmax,5000,1,0.9,0.0240845,0.0194748,0.0289367,0.0155547,91355,7.2499,89.34,5.37682
{19:19},offline,softmax,5000,1,0.7,0.0283379,0.0223079,0.0322042,0.0196115,91.11,7.25915,89.36,6.25155
{23},offline,softmax,5000,1,0.8,0.0302018,0.0292977,0.0342795,0.0270465,91435,8.40537,89.36,7.3752
{25},offline,sigmoid,5000,0,0.9,0.0181471,0.000652009,0.0200557,0.000778211,91425,0.482506,89.3667,0.687992
{19},offline,sigmoid,5000,0,0.9,0.0183685,0.000890293,0.0200051,0.000799927,90865,0.772698,89.3933,0.57658
{15:15},offline,softmax,5000,1,0.6,0.0281425,0.0250162,0.0319281,0.0226872,91.08,7.59065,89.42,6.82164
{12:12},offline,softmax,5000,0,0.6,0.0162496,0.0020231,0.0171047,0.0020896,90275,1.61022,89.4267,1.01034
{17:17},offline,softmax,5000,1,0.7,0.0239572,0.0243103,0.0291483,0.0212107,91.6,9.04117,89.4667,7.40353
{11:11},offline,softmax,5000,1,0.6,0.0275086,0.0193523,0.0304755,0.017775,90795,6.06002,89.4867,5.31108
{9},offline,softmax,5000,0,0.8,0.0141106,0.000573636,0.0159093,0.000683754,91835,0.319472,89.5067,0.453015
{18:18},offline,softmax,5000,1,0.6,0.0282944,0.0262888,0.0321715,0.0235476,91265,7.7564,89.5133,6.5211
{11},offline,softmax,5000,0,0.7,0.0143308,0.00035968,0.0161029,0.000489715,91925,0.349553,89.52,0.535205
{16:16},offline,sigmoid,5000,0,0.6,0.0172488,0.00110348,0.0183871,0.0010107,90785,1.19263,89.5533,0.966839
{24:24},offline,softmax,5000,0,0.6,0.0164024,0.00450057,0.017682,0.00391636,90.97,2.23043,89.6133,1.7102
{14:14},offline,softmax,5000,0,0.6,0.0159694,0.00157631,0.0168774,0.00157329,90.64,1.06487,89.6333,0.848855
{19:19},offline,softmax,5000,1,0.8,0.0269615,0.0181407,0.0301718,0.0160584,91185,5.88971,89.6533,4.73237
{12},offline,softmax,5000,0,0.6,0.0151856,0.000385579,0.0166265,0.000431243,91215,0.244054,89.6533,0.490238
{11:11},offline,sigmoid,5000,0,0.9,0.015893,0.00191462,0.0169958,0.00173677,90.96,1.23739,89.66,1.16629
{20:20},offline,softmax,5000,0,0.6,0.0155472,0.003077,0.0168114,0.00288069,91185,1.9831,89.66,1.48313
{10},offline,softmax,5000,0,0.7,0.0149732,0.000694706,0.0165947,0.000704982,91.36,0.420416,89.66,0.304047
{12:12},offline,sigmoid,5000,0,0.8,0.0167552,0.00107241,0.0176661,0.000790207,90.84,0.435388,89.6867,0.443847
{13},offline,softmax,5000,0,0.6,0.0150336,0.0001679,0.0166125,0.000192127,91.52,0.216073,89.7133,0.264155
{15:15},offline,softmax,5000,0,0.6,0.0154396,0.00276396,0.0165644,0.00264882,90895,1.82443,89.7733,1.51353
{9},offline,softmax,5000,0,0.9,0.0133494,0.000511237,0.0152418,0.000601319,92.21,0.359079,89.8067,0.551463
{13:13},offline,sigmoid,5000,0,0.7,0.0171971,0.00204924,0.0181118,0.00199604,90645,1.28299,89.8267,1.47769
{16:16},offline,softmax,5000,0,0.6,0.0148078,0.00145943,0.016077,0.00149129,91.3,1.05697,89.8467,0.904495
{17:17},offline,softmax,5000,0,0.6,0.0159429,0.00112094,0.016992,0.00115002,90885,0.684334,89.8533,0.726713
{21:21},offline,softmax,5000,0,0.6,0.0157312,0.00170806,0.016746,0.00159224,90.84,0.976857,89.8533,0.704194
{14},offline,softmax,5000,0,0.6,0.0148985,0.000674226,0.0164954,0.000717871,91.64,0.634577,89.88,0.556078
{15:15},offline,sigmoid,5000,0,0.7,0.016177,0.00136566,0.017317,0.00138548,91105,1.06322,89.92,0.990679
{10},offline,softmax,5000,0,0.8,0.0140449,0.000649027,0.0157668,0.00066633,91.88,0.334197,89.92,0.207632
{14:14},offline,sigmoid,5000,0,0.7,0.0159425,0.000906346,0.0170984,0.000996243,91.19,0.954692,89.9467,0.797078
{18:18},offline,sigmoid,5000,0,0.6,0.016716,0.0019882,0.0179444,0.00203203,91.49,0.910975,89.9667,0.890693
{20:20},offline,sigmoid,5000,0,0.6,0.0163045,0.00162908,0.01753,0.00152265,91295,0.984632,89.9733,0.757335
{25:25},offline,softmax,5000,0,0.6,0.0151544,0.00420345,0.0165519,0.00408582,91.44,2.41128,89.98,2.12794
{12:12},offline,sigmoid,5000,0,0.9,0.0158322,0.0014065,0.016861,0.00122325,91215,0.904952,89.9867,0.784078
{13:13},offline,softmax,5000,0,0.6,0.015906,0.00139538,0.0167134,0.00139598,90.67,0.850625,89.9933,0.755498
{11},offline,softmax,5000,0,0.8,0.013404,0.000392644,0.0152888,0.00052887,92275,0.445814,90.0067,0.419921
{12},offline,softmax,5000,0,0.7,0.0138933,0.000326042,0.0154745,0.00041977,91.95,0.142522,90.0733,0.463321
{19:19},offline,softmax,5000,0,0.6,0.0154809,0.000940924,0.0165397,0.000771526,91185,0.645562,90.08,0.481087
{13},offline,softmax,5000,0,0.7,0.0138261,0.00016466,0.0155425,0.000188106,92195,0.108109,90.1,0.397213
{19:19},offline,softmax,5000,1,0.6,0.0238285,0.0216279,0.0281877,0.0192781,91.79,7.92446,90.1333,6.49294
{15},offline,softmax,5000,0,0.6,0.0142529,0.000501988,0.0159647,0.000459486,92.36,0.512226,90.1533,0.538826
{10},offline,softmax,5000,0,0.9,0.0133136,0.000621668,0.0151254,0.000636064,92175,0.360122,90.18,0.294958
{24:24},offline,softmax,5000,1,0.8,0.0223288,0.020027,0.0269617,0.0164724,91795,7.91635,90.2733,6.02211
{12},offline,softmax,5000,1,0.6,0.0264788,0.0147337,0.0298045,0.0133383,91665,3.98837,90.2733,3.22761
{16},offline,softmax,5000,0,0.6,0.0141293,0.000587226,0.0159332,0.000498243,92335,0.532271,90.2733,0.546911
{17:17},offline,sigmoid,5000,0,0.6,0.0162824,0.00108038,0.0173494,0.00100078,91545,0.652735,90.3067,0.532499
{11},offline,softmax,5000,0,0.9,0.0126581,0.000422783,0.0146516,0.000538605,92725,0.468708,90.3467,0.483965
{17},offline,softmax,5000,0,0.6,0.0138084,0.000300574,0.0155133,0.000248333,92375,0.254951,90.4,0.370435
{20},offline,softmax,5000,0,0.6,0.0136727,0.000300402,0.0155218,0.000153957,92.39,0.209613,90.42,0.405928
{14},offline,softmax,5000,1,0.6,0.0261485,0.0168104,0.0294888,0.0150729,92055,4.92171,90.4533,4.12786
{21},offline,softmax,5000,1,0.6,0.0255194,0.0189001,0.0294402,0.0174395,92515,5.47342,90.4667,4.84625
{14},offline,softmax,5000,0,0.7,0.0135998,0.000689909,0.0153464,0.000721339,92.3,0.651441,90.48,0.593764
{8},offline,softmax,5000,1,0.6,0.0210333,0.00129328,0.0248372,0.00128122,92.23,0.676249,90.4867,0.833533
{18},offline,softmax,5000,0,0.6,0.013576,0.000424388,0.0153614,0.000420135,92675,0.362715,90.5,0.406202
{13},offline,softmax,5000,0,0.8,0.0128713,0.000204808,0.0147109,0.000204617,92.72,0.19154,90.5133,0.347691
{16:16},offline,sigmoid,5000,0,0.7,0.0148514,0.00097674,0.0161536,0.000890772,91995,0.919647,90.5733,0.902589
{12},offline,softmax,5000,0,0.8,0.0128889,0.000310498,0.0145737,0.000432091,92.52,0.216073,90.5933,0.496879
{23},offline,softmax,5000,1,0.6,0.0251481,0.0197403,0.0290121,0.0179713,92.75,5.64101,90.6,4.90793
{22:22},offline,sigmoid,5000,0,0.6,0.0150303,0.000699807,0.0162653,0.000723904,91995,0.586142,90.6267,0.451787
{17},offline,softmax,5000,1,0.9,0.0245569,0.024688,0.0289115,0.0227886,92805,6.69546,90.64,5.77126
{19:19},offline,sigmoid,5000,0,0.6,0.0153331,0.00130987,0.0164502,0.0012274,91845,0.840647,90.6467,0.790429
{21},offline,softmax,5000,0,0.6,0.0129728,0.000300278,0.014996,0.000287022,93.04,0.271339,90.6467,0.406612
{21:21},offline,sigmoid,5000,0,0.6,0.0157289,0.00114189,0.0167372,0.00118009,91.72,0.785295,90.6733,0.763544
{15},offline,softmax,5000,0,0.7,0.0129724,0.000419824,0.0147857,0.000392497,92.98,0.365034,90.68,0.427915
{14:14},offline,sigmoid,5000,0,0.8,0.0141326,0.000803211,0.0154504,0.00089325,92.14,0.735187,90.6933,0.877306
{19},offline,softmax,5000,0,0.6,0.0132972,0.000230427,0.0151176,0.000395561,92685,0.359079,90.6933,0.46987
{22},offline,softmax,5000,0,0.6,0.0129849,0.000282165,0.0149837,0.000369337,92955,0.439957,90.72,0.63184
{16:16},offline,softmax,5000,1,0.6,0.0234371,0.016673,0.0267134,0.0152818,92485,4.90289,90.76,4.14249
{14},offline,softmax,5000,0,0.8,0.0126096,0.000690128,0.0144891,0.00071559,92.92,0.568826,90.76,0.629991
{19},offline,softmax,5000,1,0.6,0.024182,0.0166704,0.0282135,0.0150428,92665,4.7514,90.7667,4.03953
{14:14},offline,sigmoid,5000,0,0.9,0.0138302,0.00271155,0.0152001,0.00263474,92.36,1.64361,90.78,1.40052
{16},offline,softmax,5000,0,0.7,0.0127995,0.000554449,0.0147606,0.000473799,93035,0.509166,90.7933,0.604796
{18:18},offline,sigmoid,5000,0,0.7,0.0142665,0.00137175,0.0156861,0.00144556,92.45,0.845392,90.8267,0.762452
{24},offline,softmax,5000,0,0.6,0.0125227,0.000325343,0.0146548,0.000299617,93.44,0.323361,90.86,0.297583
{13:13},offline,sigmoid,5000,0,0.8,0.0149013,0.00167797,0.0159913,0.00156908,91965,1.09909,90.8667,1085
{10},offline,softmax,5000,1,0.6,0.0241194,0.0143745,0.0275628,0.0133863,92295,3.54517,90.8667,2.90555
{15:15},offline,sigmoid,5000,0,0.8,0.0143134,0.00131937,0.0155941,0.0013336,92165,0.840684,90.9067,0.875405
{13},offline,softmax,5000,0,0.9,0.0120761,0.000210047,0.0140375,0.00017827,93095,0.124248,90.9333,0.289636
{17},offline,softmax,5000,0,0.7,0.0125995,0.000203647,0.0143854,0.000255797,93135,0.207364,90.9467,0.368631
{25},offline,softmax,5000,0,0.6,0.0126309,0.000307932,0.0146726,0.000483869,93.13,0.12918,90.9533,0.387011
{23:23},offline,sigmoid,5000,0,0.6,0.0145466,0.000890635,0.015885,0.000856104,92.41,0.449514,90.9733,0.413253
{12},offline,softmax,5000,0,0.9,0.0120696,0.00030687,0.0138581,0.000453502,93.05,0.182859,90.9733,0.658027
{25:25},offline,sigmoid,5000,0,0.6,0.0143236,0.000944885,0.0157902,0.000906077,92705,0.451179,90.9867,0.346089
{18},offline,softmax,5000,0,0.7,0.0123156,0.000341744,0.0142529,0.000341206,93405,0.204939,91.0333,0.402768
{20:20},offline,sigmoid,5000,0,0.7,0.0139954,0.00132572,0.0153795,0.00121462,92.41,0.587261,91.08,0.450679
{23},offline,softmax,5000,0,0.6,0.0126758,0.000366013,0.0145099,0.000505388,93.16,0.227486,91.08,0.348489
{17:17},offline,sigmoid,5000,0,0.7,0.0140165,0.000854218,0.01525,0.000770821,92.66,0.533444,91.12,0.427265
{14},offline,softmax,5000,0,0.9,0.0118201,0.00069252,0.0138138,0.000713071,93.37,0.571292,91.14,0.661396
{24:24},offline,sigmoid,5000,0,0.6,0.0143722,0.000574548,0.0156735,0.000409476,92555,0.391472,91.1467,0.211608
{20},offline,softmax,5000,0,0.7,0.0123611,0.00023149,0.0143323,0.000128373,93315,0.187583,91.1533,0.401801
{9},offline,softmax,5000,1,0.9,0.0185508,0.00347932,0.0230299,0.00278863,93175,0.953612,91.1733,1.02994
{13:13},offline,sigmoid,5000,0,0.9,0.0136384,0.00179867,0.0149026,0.00162905,92625,1.25723,91.2,1.05804
{25},offline,softmax,5000,1,0.8,0.020778,0.0265589,0.0262884,0.0243379,93955,8.13923,91.2,6.98152
{15},offline,softmax,5000,0,0.8,0.0120081,0.000358117,0.0139035,0.000341025,93425,0.229129,91.2067,0.460917
{21},offline,softmax,5000,0,0.7,0.0117974,0.000256924,0.0139409,0.000283544,93.73,0.222486,91.2333,0.361325
{16:16},offline,sigmoid,5000,0,0.8,0.0131386,0.000885551,0.0146038,0.000819767,92825,0.735485,91.24,0.924782
{19},offline,softmax,5000,0,0.7,0.0120672,0.000295292,0.0140163,0.00046355,93.29,0.424485,91.2933,0.63307
{10},offline,softmax,5000,1,0.7,0.019108,0.00509894,0.0232292,0.00491769,93255,2.13054,91.3133,2.01558
{16},offline,softmax,5000,0,0.8,0.0117676,0.000543151,0.0138532,0.000481539,93625,0.524702,91.3133,0.619857
{16:16},offline,sigmoid,5000,0,0.9,0.0128842,0.00158069,0.0144316,0.00142389,93155,0.274659,91.3333,0.268742
{22},offline,softmax,5000,0,0.7,0.0118132,0.000267214,0.0139162,0.000404882,93.62,0.351515,91.3533,0.742593
{16},offline,softmax,5000,1,0.9,0.0223741,0.0260368,0.0274201,0.0238409,93535,7.10228,91.3667,5.61521
{15:15},offline,sigmoid,5000,0,0.9,0.0130455,0.00128467,0.0144858,0.00127624,92875,0.623749,91.3867,0.724415
{14:14},offline,softmax,5000,1,0.6,0.0184658,0.023589,0.0238419,0.0213402,93.69,8.30568,91.3933,7.30352
{17},offline,softmax,5000,0,0.8,0.0116694,0.000165433,0.013538,0.000314068,93.55,0.153093,91.44,0.46392
{18:18},offline,sigmoid,5000,0,0.8,0.0125537,0.00107432,0.0141525,0.00116149,93295,0.737691,91.4667,0.729155
{22:22},offline,sigmoid,5000,0,0.7,0.0129338,0.000598767,0.01436,0.000627832,93.06,0.51557,91.52,0.492499
{18},offline,softmax,5000,0,0.8,0.0113478,0.00032229,0.0134274,0.000323099,93905,0.283615,91.5267,0.347531
{24},offline,softmax,5000,0,0.7,0.0113261,0.000350679,0.0135669,0.000371493,94.05,0.257997,91.5533,0.575712
{25},offline,softmax,5000,0,0.7,0.0114672,0.000278682,0.0136281,0.000458917,93745,0.0817771,91.5733,0.569308
{23:23},offline,softmax,5000,1,0.8,0.0191633,0.0154945,0.023017,0.0137101,93.45,5.85521,91.58,5.02834
{19:19},offline,sigmoid,5000,0,0.7,0.013268,0.00107232,0.0145417,0.000912368,93.01,0.632851,91.6,0.504975
{21:21},offline,sigmoid,5000,0,0.7,0.0135736,0.00089049,0.0147207,0.000892167,92835,0.646529,91.6133,0.633596
{13},offline,softmax,5000,1,0.6,0.0203915,0.0116507,0.0240237,0.0106781,93.62,3.17182,91.62,2.67287
{23},offline,softmax,5000,0,0.7,0.011472,0.0003284,0.0133914,0.000514317,93.79,0.106946,91.6267,0.476329
{19},offline,softmax,5000,1,0.9,0.0208575,0.0262464,0.0263321,0.0240271,94115,7.08442,91.6467,6.01464
{20},offline,softmax,5000,0,0.8,0.0113342,0.000185077,0.0133997,0.000139119,93805,0.184899,91.6467,0.459226
{21},offline,softmax,5000,0,0.8,0.0108935,0.000229594,0.0131481,0.000286859,94155,0.26244,91.6533,0.407295
{20:20},offline,softmax,5000,1,0.7,0.0198617,0.0237154,0.0249287,0.021232,93.96,7.05456,91.68,5.94108
{23:23},offline,sigmoid,5000,0,0.7,0.0125924,0.000702482,0.0141078,0.000649056,93635,0.172844,91.7,0.289636
{18},offline,softmax,5000,1,0.9,0.0206569,0.025279,0.0261849,0.0232769,94325,6.67221,91.7067,6.27585
{15},offline,softmax,5000,0,0.9,0.0112361,0.00030546,0.0132041,0.000310561,93795,0.184899,91.72,0.598424
{16},offline,softmax,5000,0,0.9,0.0109453,0.000554127,0.0131255,0.000494705,93965,0.525476,91.7733,0.640919
{19},offline,softmax,5000,0,0.8,0.0111077,0.000348168,0.0131655,0.000515688,93885,0.453666,91.78,0.668581
{21:21},offline,softmax,5000,1,0.7,0.0186308,0.018527,0.0230618,0.0172593,93735,5.95435,91.7933,5.31515
{20:20},offline,sigmoid,5000,0,0.8,0.0122708,0.00104534,0.01382,0.000921807,93.38,0.427712,91.8533,0.408656
{24:24},offline,sigmoid,5000,0,0.7,0.0124309,0.000380611,0.013956,0.000204067,93555,0.197167,91.86,0.207364
{25:25},offline,sigmoid,5000,0,0.7,0.0123779,0.000706897,0.0139557,0.000645067,93.63,0.365462,91.8667,0.317105
{22},offline,softmax,5000,0,0.8,0.0109083,0.000264954,0.0130997,0.00042949,94005,0.329014,91.8867,0.688638
{10},offline,softmax,5000,1,0.8,0.016445,0.000717536,0.021133,0.00135147,94.16,0.352934,91.8933,0.589915
{18},offline,softmax,5000,0,0.9,0.0105752,0.000339492,0.0127868,0.000330213,94255,0.350179,91.9267,0.269155
{17:17},offline,sigmoid,5000,0,0.8,0.0123746,0.000703283,0.0137988,0.000640589,93.43,0.355493,91.9333,0.385861
{17},offline,softmax,5000,0,0.9,0.0109217,0.000199038,0.0128773,0.000384264,93.98,0.181487,91.9667,0.606447
{18},offline,softmax,5000,1,0.6,0.0191227,0.0147752,0.0236542,0.0131803,94.13,4.4619,91.9733,3.47246
{15:15},offline,softmax,5000,1,0.7,0.0167026,0.015245,0.0216473,0.0129741,93945,6.17683,91.98,5.04516
{22:22},offline,sigmoid,5000,0,0.8,0.0114546,0.000543286,0.0130745,0.000575193,93835,0.477166,91.98,0.381226
{21},offline,softmax,5000,0,0.9,0.0101719,0.000211193,0.0125348,0.000295025,94515,0.285373,91.9867,0.457408
{24},offline,softmax,5000,0,0.8,0.0103942,0.000384645,0.0127325,0.000446135,94.54,0.264929,91.9867,0.720571
{25},offline,softmax,5000,0,0.8,0.0105763,0.000263482,0.0128444,0.00043142,94.22,0.12918,91.9867,0.584808
{10},offline,softmax,5000,1,0.9,0.0161211,0.000852377,0.0209938,0.00141291,94315,0.30751,92.02,0.553072
{18:18},offline,sigmoid,5000,0,0.9,0.0112836,0.00093741,0.0130377,0.00101608,94.01,0.668861,92.0667,0.653622
{20},offline,softmax,5000,0,0.9,0.0105029,0.000176104,0.0126437,0.000219383,94245,0.181487,92.0933,0.407158
{24:24},offline,softmax,5000,1,0.6,0.0180471,0.0153174,0.0224283,0.0133342,94.29,4.88488,92.1467,4.03799
{16},offline,softmax,5000,1,0.6,0.0185324,0.0123449,0.0229533,0.011078,94405,3.37293,92.1533,3.04892
{23},offline,softmax,5000,0,0.8,0.0105344,0.000317774,0.0125357,0.000519891,94355,0.164317,92.1533,0.406612
{21:21},offline,sigmoid,5000,0,0.8,0.0119859,0.000722087,0.0133052,0.000701519,93645,0.429535,92.1867,0.585757
{19},offline,softmax,5000,0,0.9,0.0103134,0.00035534,0.0124656,0.000520901,94.39,0.42301,92.1933,0.578023
{19:19},offline,sigmoid,5000,0,0.8,0.0117681,0.000872521,0.0132428,0.000681781,93.81,0.42815,92.26,0.45485
{22},offline,softmax,5000,0,0.9,0.0101669,0.000265038,0.012428,0.000453168,94.44,0.307002,92.26,0.758434
{25},offline,softmax,5000,0,0.9,0.00986287,0.000247373,0.0122287,0.000398429,94645,0.147267,92.2667,0.525991
{22:22},offline,sigmoid,5000,0,0.9,0.0107099,0.00106944,0.0124625,0.00100669,94285,0.570252,92.2933,0.350714
{23:23},offline,sigmoid,5000,0,0.8,0.0111407,0.000528444,0.0128536,0.000502334,94.29,0.128209,92.3,0.344803
{17:17},offline,sigmoid,5000,0,0.9,0.0111335,0.000620091,0.0127524,0.000577211,94.08,0.380132,92.3333,0.402768
{20:20},offline,sigmoid,5000,0,0.9,0.0110242,0.000860449,0.0127342,0.000747832,93.94,0.405663,92.38,0.39833
{24},offline,softmax,5000,0,0.9,0.00964224,0.000399593,0.0120593,0.000500504,94.9,0.266927,92.3933,0.695382
{24:24},offline,sigmoid,5000,0,0.8,0.010975,0.000268508,0.0127023,0.000129863,94.25,0.187083,92.4067,0.177012
{17},offline,softmax,5000,1,0.6,0.0183619,0.0124189,0.0225232,0.011156,94365,3802,92.52,2.98465
{25:25},offline,sigmoid,5000,0,0.8,0.0109316,0.000604178,0.0126491,0.000541453,94265,0.268445,92.5467,0.306956
{11},offline,softmax,5000,1,0.6,0.0160733,0.000526435,0.0200989,0.00106005,94.48,0.272374,92.5733,0.417266
{23},offline,softmax,5000,0,0.9,0.009775,0.000321041,0.0118532,0.000514891,94765,0.238223,92.5933,0.340261
{19:19},offline,sigmoid,5000,0,0.9,0.0106214,0.000725716,0.0122936,0.000513336,94315,0.41178,92.6467,0.253421
{21:21},offline,sigmoid,5000,0,0.9,0.0107675,0.000596004,0.0122597,0.000560814,94.33,0.382181,92.6733,0.554977
{20},offline,softmax,5000,1,0.6,0.0185438,0.0156036,0.0227199,0.0143258,94.55,4.49176,92.78,3.71794
{23:23},offline,sigmoid,5000,0,0.9,0.0100138,0.000429512,0.0119058,0.00043848,94.85,0.121192,92.82,0.293068
{24:24},offline,sigmoid,5000,0,0.9,0.00983906,0.000196779,0.0117379,0.000123322,94855,0.083666,92.9133,0.272438
{25:25},offline,sigmoid,5000,0,0.9,0.00982476,0.000543575,0.0116888,0.000507065,94.83,0.260048,93.0667,0.426875
{15},offline,softmax,5000,1,0.6,0.0137051,0.000915507,0.0183215,0.000994039,95555,0.606836,93.3933,0.745505
{24},offline,softmax,5000,1,0.9,0.01044,0.0056938,0.0165929,0.0044435,97025,1.89324,94.2533,1.76015
{20:20},offline,softmax,5000,1,0.6,0.0102147,0.00797791,0.015826,0.00599722,96.79,2.90461,94.2733,1.90488
{23},offline,softmax,5000,1,0.9,0.00805199,0.000526627,0.0144927,0.0013906,97895,0.328538,94.6,0.554276
{25},offline,softmax,5000,1,0.9,0.00782049,0.000408646,0.0143169,0.00124726,98015,0.163554,94.7533,0.753363
{25:25},offline,softmax,5000,1,0.6,0.00578981,0.0020789,0.0126818,0.00153914,98415,0.846057,95.2867,0.681746
